combo_number,n_estimators,contamination,max_samples,max_features,precision,recall,f1
720,300,0.1,768,1.0,0.880085653104925,0.8430769230769231,0.8611838658983761
600,250,0.1,768,1.0,0.8817204301075269,0.841025641025641,0.8608923884514436
480,200,0.1,768,1.0,0.8795698924731182,0.838974358974359,0.8587926509186352
1080,750,0.1,768,1.0,0.8812095032397408,0.8369230769230769,0.8584955286691215
960,500,0.1,768,1.0,0.8828633405639913,0.8348717948717949,0.8581971534001054
1200,1000,0.1,768,1.0,0.8802588996763754,0.8369230769230769,0.8580441640378549
360,150,0.1,768,1.0,0.8766094420600858,0.837948717948718,0.8568432092291557
840,400,0.1,768,1.0,0.8841530054644808,0.8297435897435897,0.8560846560846561
240,100,0.1,768,1.0,0.8694714131607335,0.8266666666666667,0.8475289169295478
120,50,0.1,768,1.0,0.8655913978494624,0.8256410256410256,0.8451443569553806
1199,1000,0.1,768,0.8,0.8773480662983425,0.8143589743589743,0.8446808510638298
588,250,0.07,768,1.0,0.9018691588785047,0.7917948717948718,0.8432550518842162
1188,1000,0.07,768,1.0,0.9028103044496487,0.7907692307692308,0.8430836522689995
1079,750,0.1,768,0.8,0.8743109151047409,0.8133333333333334,0.842720510095643
708,300,0.07,768,1.0,0.9007009345794392,0.7907692307692308,0.8421627525942108
468,200,0.07,768,1.0,0.9014084507042254,0.7876923076923077,0.8407224958949097
959,500,0.1,768,0.8,0.8736141906873615,0.8082051282051282,0.8396377197655833
719,300,0.1,768,0.8,0.8743047830923248,0.8061538461538461,0.8388473852721452
948,500,0.07,768,1.0,0.8990610328638498,0.7856410256410257,0.8385331143951834
1068,750,0.07,768,1.0,0.9,0.7846153846153846,0.8383561643835616
839,400,0.1,768,0.8,0.8713968957871396,0.8061538461538461,0.8375066595631326
1198,1000,0.1,512,1.0,0.87,0.803076923076923,0.8352
828,400,0.07,768,1.0,0.8994082840236687,0.7794871794871795,0.8351648351648352
348,150,0.07,768,1.0,0.901307966706302,0.7774358974358975,0.8348017621145375
1077,750,0.1,512,0.8,0.8715083798882681,0.8,0.8342245989304813
957,500,0.1,512,0.8,0.8687430478309233,0.801025641025641,0.8335112059765208
717,300,0.1,512,0.8,0.8669623059866962,0.8020512820512821,0.8332445391582313
1078,750,0.1,512,1.0,0.8674832962138085,0.798974358974359,0.8318206086492258
477,200,0.1,512,0.8,0.8691275167785235,0.796923076923077,0.8314606741573034
599,250,0.1,768,0.8,0.8691275167785235,0.796923076923077,0.8314606741573034
837,400,0.1,512,0.8,0.8647450110864745,0.8,0.8311134789557805
715,300,0.1,384,0.8,0.8637873754152824,0.8,0.8306709265175719
718,300,0.1,512,1.0,0.8645948945615982,0.798974358974359,0.8304904051172708
835,400,0.1,384,0.8,0.8644444444444445,0.7979487179487179,0.8298666666666666
597,250,0.1,512,0.8,0.8668903803131991,0.7948717948717948,0.8293204922418406
1187,1000,0.07,768,0.8,0.8992805755395683,0.7692307692307693,0.8291873963515755
1197,1000,0.1,512,0.8,0.8702031602708804,0.7907692307692308,0.8285867813003761
838,400,0.1,512,1.0,0.867564534231201,0.7928205128205128,0.8285101822079314
479,200,0.1,768,0.8,0.8692220969560316,0.7907692307692308,0.8281417830290011
595,250,0.1,384,0.8,0.8596685082872928,0.7979487179487179,0.8276595744680851
358,150,0.1,512,1.0,0.8656215005599104,0.7928205128205128,0.8276231263383298
476,200,0.1,384,1.0,0.8780207134637514,0.7825641025641026,0.8275488069414316
598,250,0.1,512,1.0,0.862876254180602,0.7938461538461539,0.8269230769230769
958,500,0.1,512,1.0,0.8662921348314607,0.7907692307692308,0.8268096514745308
478,200,0.1,512,1.0,0.8636871508379889,0.7928205128205128,0.8267379679144385
1067,750,0.07,768,0.8,0.895808383233533,0.7671794871794871,0.8265193370165745
716,300,0.1,384,1.0,0.8741418764302059,0.7835897435897435,0.826392644672796
475,200,0.1,384,0.8,0.8651685393258427,0.7897435897435897,0.8257372654155496
947,500,0.07,768,0.8,0.8966346153846154,0.7651282051282051,0.8256779192030991
596,250,0.1,384,1.0,0.8748564867967853,0.7815384615384615,0.8255687973997833
118,50,0.1,512,1.0,0.8721461187214612,0.7835897435897435,0.8254997298757428
836,400,0.1,384,1.0,0.8747126436781609,0.7805128205128206,0.8249322493224932
357,150,0.1,512,0.8,0.8640449438202247,0.7887179487179488,0.8246648793565684
955,500,0.1,384,0.8,0.8614525139664805,0.7907692307692308,0.8245989304812834
827,400,0.07,768,0.8,0.8954326923076923,0.764102564102564,0.8245711123408965
1076,750,0.1,384,1.0,0.8737083811710677,0.7805128205128206,0.8244853737811484
228,100,0.07,768,1.0,0.9003645200486027,0.76,0.8242491657397107
1196,1000,0.1,384,1.0,0.8691695108077361,0.7835897435897435,0.8241639697950378
356,150,0.1,384,1.0,0.8681818181818182,0.7835897435897435,0.8237196765498652
355,150,0.1,384,0.8,0.8653846153846154,0.7846153846153846,0.8230231307154384
707,300,0.07,768,0.8,0.8939759036144578,0.7610256410256411,0.8221606648199447
956,500,0.1,384,1.0,0.8692660550458715,0.7774358974358975,0.8207904710341094
466,200,0.07,512,1.0,0.9007352941176471,0.7538461538461538,0.8207705192629816
1075,750,0.1,384,0.8,0.8639455782312925,0.7815384615384615,0.8206785137318255
706,300,0.07,512,1.0,0.9017199017199017,0.7528205128205128,0.820570150922303
1186,1000,0.07,512,1.0,0.8975609756097561,0.7548717948717949,0.8200557103064067
117,50,0.1,512,0.8,0.8637911464245176,0.7805128205128206,0.8200431034482759
826,400,0.07,512,1.0,0.8985330073349633,0.7538461538461538,0.8198549916341328
346,150,0.07,512,1.0,0.9014778325123153,0.7507692307692307,0.8192501398992725
1195,1000,0.1,384,0.8,0.863481228668942,0.7784615384615384,0.8187702265372169
946,500,0.07,512,1.0,0.8982843137254902,0.7517948717948718,0.818537130094919
237,100,0.1,512,0.8,0.8641552511415526,0.7764102564102564,0.8179362506753106
1066,750,0.07,512,1.0,0.8951219512195122,0.7528205128205128,0.8178272980501393
108,50,0.07,768,1.0,0.8921212121212121,0.7548717948717949,0.8177777777777778
586,250,0.07,512,1.0,0.8991389913899139,0.7497435897435898,0.8176733780760627
359,150,0.1,768,0.8,0.8673587081891581,0.7712820512820513,0.8165038002171553
1065,750,0.07,512,0.8,0.8968058968058968,0.7487179487179487,0.8160983789826719
696,300,0.05,768,1.0,0.9281045751633987,0.7282051282051282,0.8160919540229885
106,50,0.07,512,1.0,0.8976572133168927,0.7466666666666667,0.8152295632698768
576,250,0.05,768,1.0,0.9232769830949284,0.7282051282051282,0.8142201834862385
456,200,0.05,768,1.0,0.924380704041721,0.7271794871794872,0.8140068886337543
945,500,0.07,512,0.8,0.895320197044335,0.7456410256410256,0.8136541689983212
238,100,0.1,512,1.0,0.8604118993135011,0.7712820512820513,0.8134126554894537
587,250,0.07,768,0.8,0.8932515337423312,0.7466666666666667,0.8134078212290503
1074,750,0.1,256,1.0,0.8662790697674418,0.764102564102564,0.8119891008174387
825,400,0.07,512,0.8,0.8939580764488286,0.7435897435897436,0.8118701007838746
236,100,0.1,384,1.0,0.8679906542056075,0.762051282051282,0.8115783724740578
834,400,0.1,256,1.0,0.8661233993015134,0.7630769230769231,0.8113413304252999
705,300,0.07,512,0.8,0.8897058823529411,0.7446153846153846,0.8107202680067002
1194,1000,0.1,256,1.0,0.8641114982578397,0.7630769230769231,0.8104575163398693
1056,750,0.05,768,1.0,0.928476821192053,0.718974358974359,0.8104046242774566
1176,1000,0.05,768,1.0,0.9296148738379814,0.717948717948718,0.8101851851851852
336,150,0.05,768,1.0,0.923784494086728,0.721025641025641,0.8099078341013825
1185,1000,0.07,512,0.8,0.8966376089663761,0.7384615384615385,0.8098987626546682
714,300,0.1,256,1.0,0.8666666666666667,0.76,0.8098360655737705
594,250,0.1,256,1.0,0.8666666666666667,0.76,0.8098360655737705
585,250,0.07,512,0.8,0.8914919852034525,0.7415384615384616,0.8096304591265397
936,500,0.05,768,1.0,0.9282868525896414,0.7169230769230769,0.8090277777777778
953,500,0.1,256,0.8,0.8609501738122828,0.762051282051282,0.808487486398259
464,200,0.07,384,1.0,0.8973717146433041,0.7353846153846154,0.8083427282976324
954,500,0.1,256,1.0,0.8653395784543325,0.757948717948718,0.8080918534718425
239,100,0.1,768,0.8,0.8643274853801169,0.757948717948718,0.8076502732240437
833,400,0.1,256,0.8,0.8606271777003485,0.76,0.8071895424836601
816,400,0.05,768,1.0,0.9256308100929614,0.7148717948717949,0.8067129629629629
704,300,0.07,384,1.0,0.8938826466916354,0.7343589743589743,0.8063063063063063
467,200,0.07,768,0.8,0.8938826466916354,0.7343589743589743,0.8063063063063063
1073,750,0.1,256,0.8,0.8618266978922716,0.7548717948717949,0.8048113723346091
584,250,0.07,384,1.0,0.8955974842767296,0.7302564102564103,0.8045197740112995
465,200,0.07,512,0.8,0.8864197530864197,0.7364102564102564,0.8044817927170869
703,300,0.07,384,0.8,0.8901373283395755,0.7312820512820513,0.8029279279279279
116,50,0.1,384,1.0,0.8649289099526066,0.7487179487179487,0.8026388125343595
713,300,0.1,256,0.8,0.8584795321637427,0.7528205128205128,0.8021857923497268
943,500,0.07,384,0.8,0.8950695322376738,0.7261538461538461,0.8018120045300113
474,200,0.1,256,1.0,0.8601645123384254,0.7507692307692307,0.8017524644030668
1184,1000,0.07,384,1.0,0.8960709759188846,0.7251282051282051,0.8015873015873016
1064,750,0.07,384,1.0,0.8960709759188846,0.7251282051282051,0.8015873015873016
824,400,0.07,384,1.0,0.8929471032745592,0.7271794871794872,0.8015828151498021
1193,1000,0.1,256,0.8,0.8646080760095012,0.7466666666666667,0.8013208585580628
344,150,0.07,384,1.0,0.8980891719745223,0.7230769230769231,0.8011363636363636
944,500,0.07,384,1.0,0.8959390862944162,0.7241025641025641,0.8009075439591605
345,150,0.07,512,0.8,0.8866749688667497,0.7302564102564103,0.8008998875140607
114,50,0.1,256,1.0,0.863582443653618,0.7466666666666667,0.8008800880088008
593,250,0.1,256,0.8,0.8617021276595744,0.7476923076923077,0.800658978583196
235,100,0.1,384,0.8,0.8589894242068156,0.7497435897435898,0.80065717415115
1063,750,0.07,384,0.8,0.8936708860759494,0.7241025641025641,0.8
583,250,0.07,384,0.8,0.8904282115869018,0.7251282051282051,0.7993216506500848
823,400,0.07,384,0.8,0.889308176100629,0.7251282051282051,0.7988700564971751
1183,1000,0.07,384,0.8,0.8912768647281921,0.7230769230769231,0.79841449603624
354,150,0.1,256,1.0,0.8583234946871311,0.7456410256410256,0.7980241492864983
347,150,0.07,768,0.8,0.8901515151515151,0.7230769230769231,0.797962648556876
226,100,0.07,512,1.0,0.8962868117797695,0.717948717948718,0.7972665148063781
105,50,0.07,512,0.8,0.8907242693773825,0.718974358974359,0.7956867196367764
695,300,0.05,768,0.8,0.9251700680272109,0.6974358974358974,0.7953216374269005
1055,750,0.05,768,0.8,0.9286694101508917,0.6943589743589743,0.7946009389671361
935,500,0.05,768,0.8,0.9286694101508917,0.6943589743589743,0.7946009389671361
119,50,0.1,768,0.8,0.8588516746411483,0.7364102564102564,0.792932081722805
343,150,0.07,384,0.8,0.8933161953727506,0.7128205128205128,0.7929264118653736
1175,1000,0.05,768,0.8,0.9259259259259259,0.6923076923076923,0.7922535211267606
815,400,0.05,768,0.8,0.9246575342465754,0.6923076923076923,0.7917888563049853
225,100,0.07,512,0.8,0.8876117496807152,0.7128205128205128,0.7906712172923777
94,50,0.05,512,1.0,0.9162162162162162,0.6953846153846154,0.79067055393586
463,200,0.07,384,0.8,0.890745501285347,0.7107692307692308,0.7906446092413006
115,50,0.1,384,0.8,0.8609431680773881,0.7302564102564103,0.7902330743618202
694,300,0.05,512,1.0,0.9231824417009602,0.6902564102564103,0.789906103286385
454,200,0.05,512,1.0,0.9207650273224044,0.6912820512820513,0.7896895137668424
234,100,0.1,256,1.0,0.854066985645933,0.7323076923076923,0.7885146327995582
216,100,0.05,768,1.0,0.9170068027210885,0.6912820512820513,0.7883040935672515
334,150,0.05,512,1.0,0.9228650137741047,0.6871794871794872,0.78777189888301
224,100,0.07,384,1.0,0.8932291666666666,0.7035897435897436,0.7871485943775101
473,200,0.1,256,0.8,0.8590522478736331,0.7251282051282051,0.7864293659621802
574,250,0.05,512,1.0,0.9188445667125172,0.6851282051282052,0.7849588719153937
814,400,0.05,512,1.0,0.921161825726141,0.683076923076923,0.784452296819788
227,100,0.07,768,0.8,0.8926701570680629,0.6994871794871795,0.7843588269120184
942,500,0.07,256,1.0,0.8904823989569752,0.7005128205128205,0.7841561423650976
1054,750,0.05,512,1.0,0.9210526315789473,0.6820512820512821,0.7837360047142016
934,500,0.05,512,1.0,0.9222222222222223,0.681025641025641,0.783480825958702
1174,1000,0.05,512,1.0,0.9222222222222223,0.681025641025641,0.783480825958702
96,50,0.05,768,1.0,0.9197786998616874,0.6820512820512821,0.7832744405182568
1062,750,0.07,256,1.0,0.891218872870249,0.6974358974358974,0.7825086306098964
575,250,0.05,768,0.8,0.9232914923291492,0.678974358974359,0.7825059101654847
702,300,0.07,256,1.0,0.8844155844155844,0.6984615384615385,0.7805157593123209
104,50,0.07,384,1.0,0.897196261682243,0.6892307692307692,0.7795823665893271
822,400,0.07,256,1.0,0.8884514435695539,0.6943589743589743,0.7795048934945308
462,200,0.07,256,1.0,0.8883048620236531,0.6933333333333334,0.7788018433179723
1182,1000,0.07,256,1.0,0.8912466843501327,0.6892307692307692,0.7773279352226721
1053,750,0.05,512,0.8,0.9211267605633803,0.6707692307692308,0.7762611275964392
1173,1000,0.05,512,0.8,0.921015514809591,0.6697435897435897,0.7755344418052257
582,250,0.07,256,1.0,0.8874172185430463,0.6871794871794872,0.7745664739884393
1061,750,0.07,256,0.8,0.8906666666666667,0.6851282051282052,0.7744927536231884
223,100,0.07,384,0.8,0.8884462151394422,0.6861538461538461,0.7743055555555556
214,100,0.05,512,1.0,0.9135285913528591,0.6717948717948717,0.7742316784869976
342,150,0.07,256,1.0,0.8840579710144928,0.6882051282051282,0.7739331026528259
455,200,0.05,768,0.8,0.9217638691322901,0.6646153846153846,0.7723480333730631
933,500,0.05,512,0.8,0.9217638691322901,0.6646153846153846,0.7723480333730631
353,150,0.1,256,0.8,0.8573216520650814,0.7025641025641025,0.7722660653889515
573,250,0.05,512,0.8,0.9229671897289586,0.6635897435897435,0.7720763723150358
453,200,0.05,512,0.8,0.9215406562054208,0.6625641025641026,0.7708830548926014
813,400,0.05,512,0.8,0.9190340909090909,0.6635897435897435,0.7706968433591423
693,300,0.05,512,0.8,0.9202279202279202,0.6625641025641026,0.7704233750745378
941,500,0.07,256,0.8,0.8882907133243607,0.676923076923077,0.7683352735739232
821,400,0.07,256,0.8,0.8881401617250674,0.6758974358974359,0.7676179382644147
1181,1000,0.07,256,0.8,0.8869448183041723,0.6758974358974359,0.7671711292200233
102,50,0.07,256,1.0,0.893296853625171,0.6697435897435897,0.7655334114888629
831,400,0.1,128,0.8,0.8526448362720404,0.6943589743589743,0.7654041831543245
332,150,0.05,384,1.0,0.9157142857142857,0.6574358974358975,0.7653731343283582
107,50,0.07,768,0.8,0.8852901484480432,0.6728205128205128,0.7645687645687645
333,150,0.05,512,0.8,0.9243085880640466,0.6512820512820513,0.7641395908543923
222,100,0.07,256,1.0,0.8840970350404312,0.6728205128205128,0.7641234711706465
1191,1000,0.1,128,0.8,0.8520859671302149,0.6912820512820513,0.7633069082672707
951,500,0.1,128,0.8,0.85297845373891,0.6902564102564103,0.7630385487528345
691,300,0.05,384,0.8,0.9176300578034682,0.6512820512820513,0.7618476304739052
1071,750,0.1,128,0.8,0.8526048284625158,0.6882051282051282,0.7616345062429057
711,300,0.1,128,0.8,0.8524173027989822,0.6871794871794872,0.760931289040318
335,150,0.05,768,0.8,0.9161849710982659,0.6502564102564102,0.7606478704259149
452,200,0.05,384,1.0,0.9136690647482014,0.6512820512820513,0.7604790419161677
93,50,0.05,512,0.8,0.9209370424597365,0.6451282051282051,0.758745476477684
581,250,0.07,256,0.8,0.8805970149253731,0.6656410256410257,0.758177570093458
591,250,0.1,128,0.8,0.8554838709677419,0.68,0.7577142857142857
113,50,0.1,256,0.8,0.8505747126436781,0.683076923076923,0.757679180887372
952,500,0.1,128,1.0,0.8573281452658884,0.6779487179487179,0.7571592210767468
701,300,0.07,256,0.8,0.8802721088435375,0.6635897435897435,0.7567251461988304
572,250,0.05,384,1.0,0.9142441860465116,0.6451282051282051,0.756464221286831
1072,750,0.1,128,1.0,0.8521850899742931,0.68,0.7564175698802054
212,100,0.05,384,1.0,0.9154518950437318,0.6441025641025641,0.7561709813365443
692,300,0.05,384,1.0,0.9129172714078374,0.6451282051282051,0.7560096153846154
471,200,0.1,128,0.8,0.8540051679586563,0.6779487179487179,0.7558604917095483
1172,1000,0.05,384,1.0,0.9178885630498533,0.642051282051282,0.7555823777911889
571,250,0.05,384,0.8,0.9127906976744186,0.6441025641025641,0.7552615754660252
1192,1000,0.1,128,1.0,0.8507078507078507,0.6779487179487179,0.7545662100456622
932,500,0.05,384,1.0,0.9113372093023255,0.6430769230769231,0.7540589296452195
812,400,0.05,384,1.0,0.9113372093023255,0.6430769230769231,0.7540589296452195
213,100,0.05,512,0.8,0.9188790560471977,0.638974358974359,0.7537810042347247
233,100,0.1,256,0.8,0.8454661558109834,0.678974358974359,0.7531285551763367
931,500,0.05,384,0.8,0.9124087591240876,0.6410256410256411,0.7530120481927711
1164,1000,0.03,768,1.0,0.9442724458204335,0.6256410256410256,0.7526218383713756
811,400,0.05,384,0.8,0.9110787172011662,0.6410256410256411,0.7525586995785671
215,100,0.05,768,0.8,0.9186390532544378,0.6369230769230769,0.7522713506965475
1052,750,0.05,384,1.0,0.9122807017543859,0.64,0.7522603978300181
103,50,0.07,384,0.8,0.8791208791208791,0.6564102564102564,0.7516147974163241
92,50,0.05,384,1.0,0.9185185185185185,0.6358974358974359,0.7515151515151515
472,200,0.1,128,1.0,0.8517555266579974,0.6717948717948717,0.7511467889908257
331,150,0.05,384,0.8,0.9144542772861357,0.6358974358974359,0.7501512401693889
684,300,0.03,768,1.0,0.9453978159126365,0.6215384615384615,0.75
924,500,0.03,768,1.0,0.9481946624803768,0.6194871794871795,0.749379652605459
352,150,0.1,128,1.0,0.8502604166666666,0.6697435897435897,0.7492828456683879
1044,750,0.03,768,1.0,0.9453125,0.6205128205128205,0.7492260061919505
1051,750,0.05,384,0.8,0.9142011834319527,0.6338461538461538,0.7486371895820715
444,200,0.03,768,1.0,0.9466248037676609,0.6184615384615385,0.7481389578163772
832,400,0.1,128,1.0,0.8519003931847968,0.6666666666666666,0.7479861910241657
351,150,0.1,128,0.8,0.8546895640686922,0.6635897435897435,0.7471131639722863
82,50,0.03,512,1.0,0.9523052464228935,0.6143589743589744,0.7468827930174564
451,200,0.05,384,0.8,0.912332838038633,0.6297435897435898,0.7451456310679612
804,400,0.03,768,1.0,0.946031746031746,0.6112820512820513,0.7426791277258566
324,150,0.03,768,1.0,0.946031746031746,0.6112820512820513,0.7426791277258566
682,300,0.03,512,1.0,0.943127962085308,0.6123076923076923,0.7425373134328358
1171,1000,0.05,384,0.8,0.9130434782608695,0.6246153846153846,0.7417783191230207
461,200,0.07,256,0.8,0.8788732394366198,0.64,0.7406528189910979
564,250,0.03,768,1.0,0.9443561208267091,0.6092307692307692,0.7406483790523691
712,300,0.1,128,1.0,0.8497340425531915,0.6553846153846153,0.740011580775912
232,100,0.1,128,1.0,0.8456464379947229,0.6574358974358975,0.7397576457010964
803,400,0.03,768,0.8,0.9427662957074722,0.6082051282051282,0.7394014962593516
231,100,0.1,128,0.8,0.8502673796791443,0.6523076923076923,0.7382472431804992
112,50,0.1,128,1.0,0.8498659517426274,0.6502564102564102,0.73678094131319
592,250,0.1,128,1.0,0.8455392809587217,0.6512820512820513,0.7358053302433372
442,200,0.03,512,1.0,0.9437299035369775,0.602051282051282,0.7351283656856606
450,200,0.05,256,1.0,0.9145038167938931,0.6143589743589744,0.7349693251533742
562,250,0.03,512,1.0,0.9436392914653784,0.601025641025641,0.7343358395989975
1043,750,0.03,768,0.8,0.9436392914653784,0.601025641025641,0.7343358395989975
322,150,0.03,512,1.0,0.9421221864951769,0.601025641025641,0.7338760175328741
95,50,0.05,768,0.8,0.9115853658536586,0.6133333333333333,0.733292458614347
683,300,0.03,768,0.8,0.9420289855072463,0.6,0.7330827067669173
341,150,0.07,256,0.8,0.8829479768786127,0.6266666666666667,0.7330533893221356
809,400,0.05,256,0.8,0.9088145896656535,0.6133333333333333,0.7323943661971831
923,500,0.03,768,0.8,0.9433656957928802,0.597948717948718,0.7319522912743252
1163,1000,0.03,768,0.8,0.9448051948051948,0.5969230769230769,0.7316153362664991
90,50,0.05,256,1.0,0.9138461538461539,0.6092307692307692,0.7310769230769231
929,500,0.05,256,0.8,0.9111791730474732,0.6102564102564103,0.730958230958231
1050,750,0.05,256,1.0,0.9070121951219512,0.6102564102564103,0.7296137339055794
211,100,0.05,384,0.8,0.9044006069802731,0.6112820512820513,0.7294981640146879
810,400,0.05,256,1.0,0.9109062980030722,0.6082051282051282,0.7293972939729397
1170,1000,0.05,256,1.0,0.908256880733945,0.6092307692307692,0.7292817679558011
930,500,0.05,256,1.0,0.9093701996927803,0.6071794871794872,0.7281672816728167
690,300,0.05,256,1.0,0.9106317411402157,0.6061538461538462,0.7278325123152709
802,400,0.03,512,1.0,0.9413680781758957,0.5928205128205128,0.7275015733165513
819,400,0.07,128,0.8,0.8768115942028986,0.6205128205128205,0.7267267267267268
939,500,0.07,128,0.8,0.8802919708029197,0.6184615384615385,0.7265060240963855
681,300,0.03,512,0.8,0.9382113821138212,0.5917948717948718,0.7257861635220125
1049,750,0.05,256,0.8,0.9114906832298136,0.602051282051282,0.7251389746757257
570,250,0.05,256,1.0,0.9114906832298136,0.602051282051282,0.7251389746757257
569,250,0.05,256,0.8,0.9088098918083463,0.6030769230769231,0.7250308261405672
699,300,0.07,128,0.8,0.8705035971223022,0.6205128205128205,0.7245508982035929
689,300,0.05,256,0.8,0.9086687306501547,0.602051282051282,0.7242442936458976
579,250,0.07,128,0.8,0.8715728715728716,0.6194871794871795,0.7242206235011991
1169,1000,0.05,256,0.8,0.9096573208722741,0.598974358974359,0.7223252937538652
330,150,0.05,256,1.0,0.9109375,0.597948717948718,0.7219814241486068
111,50,0.1,128,0.8,0.8476454293628809,0.6276923076923077,0.7212728344136712
563,250,0.03,768,0.8,0.9436152570480929,0.5835897435897436,0.7211660329531052
922,500,0.03,512,1.0,0.9404958677685951,0.5835897435897436,0.720253164556962
1162,1000,0.03,512,1.0,0.9389438943894389,0.5835897435897436,0.7197975964579381
91,50,0.05,384,0.8,0.910377358490566,0.5938461538461538,0.7188081936685289
1042,750,0.03,512,1.0,0.9433333333333334,0.5805128205128205,0.7187301587301588
1041,750,0.03,512,0.8,0.9371900826446281,0.5815384615384616,0.7177215189873418
921,500,0.03,512,0.8,0.9370860927152318,0.5805128205128205,0.7169094363521216
1179,1000,0.07,128,0.8,0.8768545994065282,0.6061538461538462,0.7167980594299576
204,100,0.03,768,1.0,0.9415692821368948,0.5784615384615385,0.7166454891994918
801,400,0.03,512,0.8,0.9355371900826446,0.5805128205128205,0.7164556962025317
561,250,0.03,512,0.8,0.9369817578772802,0.5794871794871795,0.7160963244613435
84,50,0.03,768,1.0,0.9444444444444444,0.5753846153846154,0.7151051625239006
1059,750,0.07,128,0.8,0.8738872403560831,0.6041025641025641,0.7143723468768951
101,50,0.07,256,0.8,0.8808446455505279,0.598974358974359,0.7130647130647131
219,100,0.07,128,0.8,0.8770614692653673,0.6,0.7125456760048721
221,100,0.07,256,0.8,0.8781954887218045,0.598974358974359,0.7121951219512195
1180,1000,0.07,128,1.0,0.8733233979135618,0.601025641025641,0.7120291616038882
1161,1000,0.03,512,0.8,0.9379194630872483,0.5733333333333334,0.7116486314449395
1060,750,0.07,128,1.0,0.8731343283582089,0.6,0.7112462006079028
443,200,0.03,768,0.8,0.9408783783783784,0.5712820512820512,0.7109125717932355
339,150,0.07,128,0.8,0.8690476190476191,0.598974358974359,0.7091681845780207
210,100,0.05,256,1.0,0.909967845659164,0.5805128205128205,0.7088290544771446
940,500,0.07,128,1.0,0.8748114630467572,0.5948717948717949,0.7081807081807082
459,200,0.07,128,0.8,0.8651851851851852,0.598974358974359,0.7078787878787879
441,200,0.03,512,0.8,0.937394247038917,0.5682051282051283,0.7075351213282248
679,300,0.03,384,0.8,0.9370748299319728,0.5651282051282052,0.7050543825975688
99,50,0.07,128,0.8,0.877488514548239,0.5876923076923077,0.7039312039312039
80,50,0.03,384,1.0,0.9415807560137457,0.5620512820512821,0.703917790622993
100,50,0.07,128,1.0,0.8736681887366818,0.5887179487179487,0.7034313725490197
1190,1000,0.1,64,1.0,0.8446043165467626,0.602051282051282,0.7029940119760479
680,300,0.03,384,1.0,0.9352640545144804,0.563076923076923,0.7029449423815621
460,200,0.07,128,1.0,0.869894099848714,0.5897435897435898,0.7029339853300733
950,500,0.1,64,1.0,0.8421807747489239,0.602051282051282,0.7021531100478469
1070,750,0.1,64,1.0,0.839541547277937,0.601025641025641,0.7005379557680813
340,150,0.07,128,1.0,0.8728943338437979,0.5846153846153846,0.7002457002457002
110,50,0.1,64,1.0,0.8452554744525548,0.5938461538461538,0.6975903614457831
220,100,0.07,128,1.0,0.8721109399075501,0.5805128205128205,0.6970443349753694
800,400,0.03,384,1.0,0.9359861591695502,0.5548717948717948,0.6967160334835801
560,250,0.03,384,1.0,0.9328743545611016,0.5558974358974359,0.6966580976863753
323,150,0.03,768,0.8,0.9390243902439024,0.5528205128205128,0.6959328599096191
799,400,0.03,384,0.8,0.9327586206896552,0.5548717948717948,0.6958199356913183
820,400,0.07,128,1.0,0.8717156105100463,0.5784615384615385,0.6954377311960542
70,50,0.02,512,1.0,0.9688073394495413,0.5415384615384615,0.6947368421052632
202,100,0.03,512,1.0,0.9404553415061296,0.5507692307692308,0.6946959896507116
830,400,0.1,64,1.0,0.8376811594202899,0.5928205128205128,0.6942942942942943
559,250,0.03,384,0.8,0.9356521739130435,0.5517948717948717,0.6941935483870968
321,150,0.03,512,0.8,0.9340277777777778,0.5517948717948717,0.693745970341715
320,150,0.03,384,1.0,0.9355400696864111,0.5507692307692308,0.6933505487411233
920,500,0.03,384,1.0,0.9339130434782609,0.5507692307692308,0.6929032258064516
710,300,0.1,64,1.0,0.8372093023255814,0.5907692307692308,0.6927239927841251
449,200,0.05,256,0.8,0.9041322314049587,0.561025641025641,0.6924050632911393
919,500,0.03,384,0.8,0.9337979094076655,0.5497435897435897,0.6920593931568754
949,500,0.1,64,0.8,0.8369723435225619,0.5897435897435898,0.6919374247894103
1160,1000,0.03,384,1.0,0.9353146853146853,0.5487179487179488,0.691661279896574
1069,750,0.1,64,0.8,0.8379562043795621,0.5887179487179487,0.691566265060241
1189,1000,0.1,64,0.8,0.8374816983894583,0.5866666666666667,0.6899879372738239
230,100,0.1,64,1.0,0.8372434017595308,0.5856410256410256,0.6891973445986723
672,300,0.02,768,1.0,0.9631675874769797,0.5364102564102564,0.689064558629776
687,300,0.05,128,0.8,0.8963815789473685,0.558974358974359,0.6885660138976627
807,400,0.05,128,0.8,0.9033333333333333,0.5558974358974359,0.6882539682539682
700,300,0.07,128,1.0,0.8673946957878315,0.5702564102564103,0.6881188118811881
201,100,0.03,512,0.8,0.9284467713787086,0.5456410256410257,0.6873385012919897
567,250,0.05,128,0.8,0.8945634266886326,0.556923076923077,0.6864728192161821
912,500,0.02,768,1.0,0.9594843462246777,0.5343589743589744,0.686429512516469
1032,750,0.02,768,1.0,0.9577205882352942,0.5343589743589744,0.6859776168531929
439,200,0.03,384,0.8,0.9343971631205674,0.5405128205128205,0.6848602988953866
1040,750,0.03,384,1.0,0.9343971631205674,0.5405128205128205,0.6848602988953866
589,250,0.1,64,0.8,0.8301610541727672,0.5815384615384616,0.6839565741857659
927,500,0.05,128,0.8,0.9010067114093959,0.5507692307692308,0.6836409929980903
709,300,0.1,64,0.8,0.8355555555555556,0.5784615384615385,0.6836363636363636
580,250,0.07,128,1.0,0.8661417322834646,0.5641025641025641,0.6832298136645962
1039,750,0.03,384,0.8,0.9309734513274336,0.5394871794871795,0.6831168831168831
1152,1000,0.02,768,1.0,0.9591836734693877,0.5302564102564102,0.6829590488771466
319,150,0.03,384,0.8,0.9357142857142857,0.5374358974358975,0.6827361563517915
440,200,0.03,384,1.0,0.9355992844364938,0.5364102564102564,0.681877444589309
1159,1000,0.03,384,0.8,0.9307282415630551,0.5374358974358975,0.6814044213263979
470,200,0.1,64,1.0,0.8303834808259587,0.5774358974358974,0.6811857229280097
792,400,0.02,768,1.0,0.9607476635514018,0.5271794871794871,0.680794701986755
203,100,0.03,768,0.8,0.9385171790235082,0.5323076923076923,0.6793193717277487
552,250,0.02,768,1.0,0.9606003752345216,0.5251282051282051,0.6790450928381963
829,400,0.1,64,0.8,0.8296296296296296,0.5743589743589743,0.6787878787878788
312,150,0.02,768,1.0,0.9623352165725048,0.5241025641025641,0.6786188579017264
1167,1000,0.05,128,0.8,0.892436974789916,0.5446153846153846,0.6764331210191082
81,50,0.03,512,0.8,0.9332129963898917,0.5302564102564102,0.6762589928057554
432,200,0.02,768,1.0,0.9602272727272727,0.52,0.6746506986027944
329,150,0.05,256,0.8,0.8976109215017065,0.5394871794871795,0.6739269698910955
88,50,0.05,128,1.0,0.8918918918918919,0.5415384615384615,0.6738991703892788
87,50,0.05,128,0.8,0.898972602739726,0.5384615384615384,0.6735086593970494
1047,750,0.05,128,0.8,0.8932203389830509,0.5405128205128205,0.673482428115016
791,400,0.02,768,0.8,0.9548022598870056,0.52,0.6733067729083665
671,300,0.02,768,0.8,0.9565217391304348,0.518974358974359,0.6728723404255319
590,250,0.1,64,1.0,0.8308157099697885,0.5641025641025641,0.6719609040928528
209,100,0.05,256,0.8,0.9043478260869565,0.5333333333333333,0.6709677419354839
447,200,0.05,128,0.8,0.8996539792387543,0.5333333333333333,0.6696716033483581
98,50,0.07,64,1.0,0.8688524590163934,0.5435897435897435,0.668769716088328
199,100,0.03,384,0.8,0.937037037037037,0.518974358974359,0.667986798679868
1151,1000,0.02,768,0.8,0.9560229445506692,0.5128205128205128,0.6675567423230975
327,150,0.05,128,0.8,0.8961937716262975,0.5312820512820513,0.6670959433354797
207,100,0.05,128,0.8,0.8975694444444444,0.5302564102564102,0.6666666666666666
1031,750,0.02,768,0.8,0.9559386973180076,0.5117948717948718,0.6666666666666666
78,50,0.03,256,1.0,0.9317343173431735,0.517948717948718,0.6657877389584707
89,50,0.05,256,0.8,0.8913793103448275,0.5302564102564102,0.6649517684887459
911,500,0.02,768,0.8,0.9575289575289575,0.5087179487179487,0.6644340254521098
469,200,0.1,64,0.8,0.8259541984732824,0.5548717948717948,0.6638036809815951
200,100,0.03,384,1.0,0.9363295880149812,0.5128205128205128,0.6626905235255136
1158,1000,0.03,256,1.0,0.9279112754158965,0.5148717948717949,0.662269129287599
350,150,0.1,64,1.0,0.8333333333333334,0.5487179487179488,0.6617192331478046
798,400,0.03,256,1.0,0.9276437847866419,0.5128205128205128,0.6605019815059445
349,150,0.1,64,0.8,0.8243451463790447,0.5487179487179488,0.6588669950738916
83,50,0.03,768,0.8,0.9391634980988594,0.5066666666666667,0.6582278481012658
72,50,0.02,768,1.0,0.9624505928853755,0.49948717948717947,0.6576637407157326
192,100,0.02,768,1.0,0.960552268244576,0.49948717948717947,0.6572199730094467
918,500,0.03,256,1.0,0.926829268292683,0.5066666666666667,0.6551724137931034
551,250,0.02,768,0.8,0.9547244094488189,0.49743589743589745,0.6540795684423466
670,300,0.02,512,1.0,0.9584158415841584,0.49641025641025643,0.654054054054054
1168,1000,0.05,128,1.0,0.8916518650088809,0.5148717948717949,0.6527958387516255
669,300,0.02,512,0.8,0.9564356435643564,0.49538461538461537,0.6527027027027027
678,300,0.03,256,1.0,0.9314285714285714,0.5015384615384615,0.652
310,150,0.02,512,1.0,0.9600798403193613,0.49333333333333335,0.6517615176151762
790,400,0.02,512,1.0,0.9600798403193613,0.49333333333333335,0.6517615176151762
1048,750,0.05,128,1.0,0.8882978723404256,0.5138461538461538,0.6510721247563352
550,250,0.02,512,1.0,0.9580838323353293,0.49230769230769234,0.6504065040650406
430,200,0.02,512,1.0,0.959758551307847,0.48923076923076925,0.6480978260869565
917,500,0.03,256,0.8,0.9273422562141491,0.49743589743589745,0.6475300400534045
677,300,0.03,256,0.8,0.9273422562141491,0.49743589743589745,0.6475300400534045
558,250,0.03,256,1.0,0.9307692307692308,0.49641025641025643,0.6474916387959866
549,250,0.02,512,0.8,0.9576612903225806,0.48717948717948717,0.6458191706322229
797,400,0.03,256,0.8,0.9252873563218391,0.49538461538461537,0.6452905811623246
1178,1000,0.07,64,1.0,0.8518518518518519,0.518974358974359,0.6449968132568515
1058,750,0.07,64,1.0,0.8504201680672269,0.518974358974359,0.6445859872611465
938,500,0.07,64,1.0,0.8530405405405406,0.517948717948718,0.6445437141033823
557,250,0.03,256,0.8,0.9285714285714286,0.49333333333333335,0.6443402545210984
68,50,0.02,384,1.0,0.9574898785425101,0.48512820512820515,0.6439754935330156
1038,750,0.03,256,1.0,0.925,0.49333333333333335,0.6434782608695652
328,150,0.05,128,1.0,0.8878842676311031,0.5035897435897436,0.6426701570680629
431,200,0.02,768,0.8,0.9554655870445344,0.4841025641025641,0.6426140231449966
109,50,0.1,64,0.8,0.8177496038034865,0.5292307692307693,0.6425902864259029
1029,750,0.02,512,0.8,0.9572301425661914,0.48205128205128206,0.6412005457025921
79,50,0.03,384,0.8,0.9386138613861386,0.48615384615384616,0.6405405405405405
818,400,0.07,64,1.0,0.852991452991453,0.5117948717948718,0.6397435897435897
86,50,0.05,64,1.0,0.8882783882783882,0.49743589743589745,0.6377383300460223
909,500,0.02,512,0.8,0.9607438016528925,0.47692307692307695,0.6374228923920493
910,500,0.02,512,1.0,0.9587628865979382,0.47692307692307695,0.636986301369863
928,500,0.05,128,1.0,0.885036496350365,0.49743589743589745,0.6369008535784636
698,300,0.07,64,1.0,0.8517241379310345,0.5066666666666667,0.6353697749196141
697,300,0.07,64,0.8,0.8517241379310345,0.5066666666666667,0.6353697749196141
229,100,0.1,64,0.8,0.8115015974440895,0.521025641025641,0.6346033728919426
429,200,0.02,512,0.8,0.9508196721311475,0.4758974358974359,0.6343130553656869
1037,750,0.03,256,0.8,0.9268774703557312,0.48102564102564105,0.6333558406482107
208,100,0.05,128,1.0,0.8856088560885609,0.49230769230769234,0.6328279499011207
577,250,0.07,64,0.8,0.8494809688581315,0.5035897435897436,0.6323245331616226
1030,750,0.02,512,1.0,0.9583333333333334,0.4717948717948718,0.6323024054982818
448,200,0.05,128,1.0,0.8853974121996303,0.49128205128205127,0.6319261213720316
1150,1000,0.02,512,1.0,0.960167714884696,0.46974358974358976,0.6308539944903582
937,500,0.07,64,0.8,0.8489583333333334,0.5015384615384615,0.6305609284332688
438,200,0.03,256,1.0,0.9281437125748503,0.47692307692307695,0.6300813008130082
789,400,0.02,512,0.8,0.9541666666666667,0.46974358974358976,0.629553264604811
218,100,0.07,64,1.0,0.8533568904593639,0.49538461538461537,0.6268656716417911
1149,1000,0.02,512,0.8,0.9538784067085954,0.4666666666666667,0.6267217630853994
688,300,0.05,128,1.0,0.8853383458646616,0.48307692307692307,0.6250829462508295
808,400,0.05,128,1.0,0.8805970149253731,0.4841025641025641,0.6247518199867638
667,300,0.02,384,0.8,0.9615384615384616,0.46153846153846156,0.6237006237006237
1057,750,0.07,64,0.8,0.8480565371024735,0.49230769230769234,0.6229720960415315
1177,1000,0.07,64,0.8,0.8465608465608465,0.49230769230769234,0.622568093385214
1157,1000,0.03,256,0.8,0.9215291750503019,0.46974358974358976,0.6222826086956522
458,200,0.07,64,1.0,0.8409090909090909,0.49333333333333335,0.6218487394957983
76,50,0.03,128,1.0,0.9227642276422764,0.46564102564102566,0.6189502385821404
817,400,0.07,64,0.8,0.8439716312056738,0.4882051282051282,0.6185834957764782
547,250,0.02,384,0.8,0.9608695652173913,0.4533333333333333,0.61602787456446
568,250,0.05,128,1.0,0.88,0.47384615384615386,0.616
318,150,0.03,256,1.0,0.927536231884058,0.4594871794871795,0.6145404663923183
427,200,0.02,384,0.8,0.9583333333333334,0.4482051282051282,0.6107617051013278
578,250,0.07,64,1.0,0.8396396396396396,0.47794871794871796,0.6091503267973856
437,200,0.03,256,0.8,0.9227557411273486,0.4533333333333333,0.6079779917469051
308,150,0.02,384,1.0,0.9539473684210527,0.4461538461538462,0.6079664570230608
548,250,0.02,384,1.0,0.9538461538461539,0.4451282051282051,0.606993006993007
66,50,0.02,256,1.0,0.9517543859649122,0.4451282051282051,0.6065688329839273
309,150,0.02,512,0.8,0.9475982532751092,0.4451282051282051,0.6057222609909281
190,100,0.02,512,1.0,0.9577777777777777,0.442051282051282,0.6049122807017544
787,400,0.02,384,0.8,0.9598214285714286,0.441025641025641,0.6043569922698524
907,500,0.02,384,0.8,0.9598214285714286,0.441025641025641,0.6043569922698524
675,300,0.03,128,0.8,0.9221052631578948,0.4492307692307692,0.6041379310344828
555,250,0.03,128,0.8,0.9182389937106918,0.4492307692307692,0.6033057851239669
338,150,0.07,64,1.0,0.8388278388278388,0.46974358974358976,0.6022353714661407
457,200,0.07,64,0.8,0.8441558441558441,0.4666666666666667,0.6010568031704095
1148,1000,0.02,384,1.0,0.9594594594594594,0.4369230769230769,0.6004228329809725
795,400,0.03,128,0.8,0.9157894736842105,0.4461538461538462,0.6
668,300,0.02,384,1.0,0.9551569506726457,0.4369230769230769,0.5995777621393384
788,400,0.02,384,1.0,0.9551569506726457,0.4369230769230769,0.5995777621393384
1028,750,0.02,384,1.0,0.9551569506726457,0.4369230769230769,0.5995777621393384
191,100,0.02,768,0.8,0.9488888888888889,0.4379487179487179,0.5992982456140351
428,200,0.02,384,1.0,0.9530201342281879,0.4369230769230769,0.5991561181434599
908,500,0.02,384,1.0,0.9530201342281879,0.4369230769230769,0.5991561181434599
307,150,0.02,384,0.8,0.9614512471655329,0.4348717948717949,0.5988700564971752
198,100,0.03,256,1.0,0.9229122055674518,0.442051282051282,0.5977808599167822
311,150,0.02,768,0.8,0.952808988764045,0.4348717948717949,0.5971830985915493
915,500,0.03,128,0.8,0.9186295503211992,0.44,0.59500693481276
187,100,0.02,384,0.8,0.9567198177676538,0.4307692307692308,0.594059405940594
97,50,0.07,64,0.8,0.8473282442748091,0.4553846153846154,0.5923949299533022
71,50,0.02,768,0.8,0.9501133786848073,0.4297435897435897,0.5918079096045198
1027,750,0.02,384,0.8,0.954337899543379,0.4287179487179487,0.5916489738145789
435,200,0.03,128,0.8,0.9199134199134199,0.4358974358974359,0.5915100904662491
189,100,0.02,512,0.8,0.9586206896551724,0.4276923076923077,0.5914893617021276
315,150,0.03,128,0.8,0.9273127753303965,0.4317948717948718,0.5892232330300909
317,150,0.03,256,0.8,0.9232456140350878,0.4317948717948718,0.5883997204751922
195,100,0.03,128,0.8,0.9251101321585903,0.4307692307692308,0.5878236529041287
926,500,0.05,64,1.0,0.8727272727272727,0.4430769230769231,0.5877551020408164
75,50,0.03,128,0.8,0.926829268292683,0.4287179487179487,0.5862552594670407
1147,1000,0.02,384,0.8,0.9516129032258065,0.4235897435897436,0.5862313697657914
1046,750,0.05,64,1.0,0.8737270875763747,0.44,0.5852660300136425
665,300,0.02,256,0.8,0.9515011547344111,0.42256410256410254,0.5852272727272727
686,300,0.05,64,1.0,0.8719512195121951,0.44,0.5848670756646217
565,250,0.05,64,0.8,0.8747433264887063,0.4369230769230769,0.5827633378932968
74,50,0.03,64,1.0,0.9162995594713657,0.4266666666666667,0.58222533240028
337,150,0.07,64,0.8,0.8440545808966862,0.4441025641025641,0.581989247311828
217,100,0.07,64,0.8,0.8349328214971209,0.4461538461538462,0.5815508021390374
69,50,0.02,512,0.8,0.951048951048951,0.41846153846153844,0.5811965811965812
660,300,0.01,768,1.0,0.9828850855745721,0.4123076923076923,0.5809248554913294
685,300,0.05,64,0.8,0.8737060041407867,0.4328205128205128,0.578875171467764
1165,1000,0.05,64,0.8,0.8786610878661087,0.4307692307692308,0.578114246386786
1166,1000,0.05,64,1.0,0.8701030927835052,0.4328205128205128,0.5780821917808219
780,400,0.01,768,1.0,0.9803439803439803,0.40923076923076923,0.5774240231548481
545,250,0.02,256,0.8,0.9505882352941176,0.41435897435897434,0.5771428571428572
925,500,0.05,64,0.8,0.8784067085953878,0.4297435897435897,0.5771349862258953
806,400,0.05,64,1.0,0.8698347107438017,0.4317948717948718,0.5771076079506511
420,200,0.01,768,1.0,0.9802955665024631,0.4082051282051282,0.5763939174511223
1155,1000,0.03,128,0.8,0.9151785714285714,0.4205128205128205,0.5762473647224174
1146,1000,0.02,256,1.0,0.9616306954436451,0.4112820512820513,0.5761494252873564
1045,750,0.05,64,0.8,0.8816067653276956,0.4276923076923077,0.5759668508287292
785,400,0.02,256,0.8,0.95260663507109,0.4123076923076923,0.5755189692197566
1035,750,0.03,128,0.8,0.9149888143176734,0.4194871794871795,0.5752461322081576
446,200,0.05,64,1.0,0.865424430641822,0.4287179487179487,0.5733882030178327
905,500,0.02,256,0.8,0.9545454545454546,0.40923076923076923,0.5728643216080402
188,100,0.02,384,1.0,0.9478672985781991,0.41025641025641024,0.572655690765927
60,50,0.01,768,1.0,0.9874371859296482,0.40307692307692305,0.5724690458849235
64,50,0.02,128,1.0,0.95,0.40923076923076923,0.5720430107526882
1140,1000,0.01,768,1.0,0.9825,0.40307692307692305,0.5716363636363636
786,400,0.02,256,1.0,0.9566265060240964,0.40717948717948715,0.5712230215827339
900,500,0.01,768,1.0,0.9800498753117207,0.40307692307692305,0.5712209302325582
906,500,0.02,256,1.0,0.9565217391304348,0.40615384615384614,0.5701943844492441
77,50,0.03,256,0.8,0.9237875288683602,0.41025641025641024,0.5681818181818182
1025,750,0.02,256,0.8,0.9516908212560387,0.4041025641025641,0.5673146148308136
1026,750,0.02,256,1.0,0.9538834951456311,0.40307692307692305,0.5666906993511175
300,150,0.01,768,1.0,0.9773869346733668,0.39897435897435896,0.5666423889293518
197,100,0.03,256,0.8,0.9212962962962963,0.4082051282051282,0.5657427149964463
1020,750,0.01,768,1.0,0.9773299748110831,0.39794871794871794,0.565597667638484
67,50,0.02,384,0.8,0.9491525423728814,0.40205128205128204,0.5648414985590778
206,100,0.05,64,1.0,0.8577405857740585,0.4205128205128205,0.5643496214728149
1156,1000,0.03,128,1.0,0.908675799086758,0.4082051282051282,0.5633404104741684
805,400,0.05,64,0.8,0.8693790149892934,0.4164102564102564,0.5631067961165048
540,250,0.01,768,1.0,0.9820971867007673,0.39384615384615385,0.5622254758418741
1145,1000,0.02,256,0.8,0.9511002444987775,0.39897435897435896,0.5621387283236994
666,300,0.02,256,1.0,0.9530864197530864,0.3958974358974359,0.5594202898550724
566,250,0.05,64,1.0,0.8629550321199143,0.41333333333333333,0.5589459084604715
659,300,0.01,768,0.8,0.9743589743589743,0.38974358974358975,0.5567765567765568
543,250,0.02,128,0.8,0.9436274509803921,0.39487179487179486,0.556760665220535
546,250,0.02,256,1.0,0.9547738693467337,0.38974358974358975,0.5535324107793154
539,250,0.01,768,0.8,0.9739583333333334,0.38358974358974357,0.5504047093451067
1036,750,0.03,128,1.0,0.903755868544601,0.39487179487179486,0.5496074232690935
445,200,0.05,64,0.8,0.87248322147651,0.4,0.5485232067510548
426,200,0.02,256,1.0,0.947103274559194,0.38564102564102565,0.5481049562682215
58,50,0.01,512,1.0,0.9814323607427056,0.37948717948717947,0.5473372781065089
916,500,0.03,128,1.0,0.9045346062052506,0.38871794871794874,0.5437589670014347
1019,750,0.01,768,0.8,0.9708994708994709,0.3764102564102564,0.5424981522542498
779,400,0.01,768,0.8,0.9708994708994709,0.3764102564102564,0.5424981522542498
899,500,0.01,768,0.8,0.9707446808510638,0.37435897435897436,0.540340488527017
425,200,0.02,256,0.8,0.9413265306122449,0.37846153846153846,0.5398683247988295
325,150,0.05,64,0.8,0.8698630136986302,0.39076923076923076,0.5392781316348195
316,150,0.03,128,1.0,0.9097560975609756,0.38256410256410256,0.5386281588447653
436,200,0.03,128,1.0,0.9053398058252428,0.38256410256410256,0.5378514780100937
180,100,0.01,768,1.0,0.9836065573770492,0.36923076923076925,0.5369127516778524
423,200,0.02,128,0.8,0.9408740359897172,0.37538461538461537,0.5366568914956011
303,150,0.02,128,0.8,0.9408740359897172,0.37538461538461537,0.5366568914956011
663,300,0.02,128,0.8,0.9384615384615385,0.37538461538461537,0.5362637362637362
196,100,0.03,128,1.0,0.9070904645476773,0.38051282051282054,0.5361271676300579
676,300,0.03,128,1.0,0.894484412470024,0.38256410256410256,0.5359195402298851
85,50,0.05,64,0.8,0.8669724770642202,0.38769230769230767,0.5357902197023388
1139,1000,0.01,768,0.8,0.9703504043126685,0.36923076923076925,0.5349182763744428
796,400,0.03,128,1.0,0.8920863309352518,0.38153846153846155,0.5344827586206896
783,400,0.02,128,0.8,0.9357326478149101,0.37333333333333335,0.533724340175953
306,150,0.02,256,1.0,0.9476439790575916,0.3712820512820513,0.5335298452468681
419,200,0.01,768,0.8,0.9701897018970189,0.3671794871794872,0.5327380952380952
62,50,0.02,64,1.0,0.94750656167979,0.37025641025641026,0.532448377581121
903,500,0.02,128,0.8,0.9378238341968912,0.3712820512820513,0.5319617927994122
326,150,0.05,64,1.0,0.8503401360544217,0.38461538461538464,0.5296610169491526
56,50,0.01,384,1.0,0.9860335195530726,0.36205128205128206,0.5296324081020255
299,150,0.01,768,0.8,0.9722991689750693,0.36,0.5254491017964071
183,100,0.02,128,0.8,0.9416445623342176,0.3641025641025641,0.5251479289940828
657,300,0.01,512,0.8,0.9774647887323944,0.3558974358974359,0.5218045112781955
298,150,0.01,512,1.0,0.9774647887323944,0.3558974358974359,0.5218045112781955
556,250,0.03,128,1.0,0.8992443324937027,0.36615384615384616,0.5204081632653061
537,250,0.01,512,0.8,0.9801136363636364,0.35384615384615387,0.5199698568198945
1017,750,0.01,512,0.8,0.9773371104815864,0.35384615384615387,0.5195783132530121
305,150,0.02,256,0.8,0.938337801608579,0.358974358974359,0.5192878338278932
1023,750,0.02,128,0.8,0.9310344827586207,0.36,0.5192307692307693
658,300,0.01,512,1.0,0.98005698005698,0.3528205128205128,0.5188536953242836
186,100,0.02,256,1.0,0.9480874316939891,0.3558974358974359,0.517524235645041
63,50,0.02,128,0.8,0.9480874316939891,0.3558974358974359,0.517524235645041
179,100,0.01,768,0.8,0.9716713881019831,0.3517948717948718,0.516566265060241
205,100,0.05,64,0.8,0.8605769230769231,0.3671794871794872,0.5147375988497483
417,200,0.01,512,0.8,0.9796511627906976,0.34564102564102567,0.5109931766489765
778,400,0.01,512,1.0,0.9796511627906976,0.34564102564102567,0.5109931766489765
777,400,0.01,512,0.8,0.9795918367346939,0.3446153846153846,0.5098634294385432
1143,1000,0.02,128,0.8,0.9318801089918256,0.3507692307692308,0.5096870342771982
1154,1000,0.03,64,1.0,0.9078947368421053,0.35384615384615387,0.5092250922509225
1137,1000,0.01,512,0.8,0.9766763848396501,0.3435897435897436,0.5083459787556904
418,200,0.01,512,1.0,0.9823529411764705,0.3425641025641026,0.5079847908745247
897,500,0.01,512,0.8,0.9794721407624634,0.3425641025641026,0.5075987841945289
1034,750,0.03,64,1.0,0.9071618037135278,0.3507692307692308,0.5059171597633136
655,300,0.01,384,0.8,0.9793510324483776,0.3405128205128205,0.5053272450532724
177,100,0.01,512,0.8,0.9821958456973294,0.3394871794871795,0.5045731707317073
538,250,0.01,512,1.0,0.9821958456973294,0.3394871794871795,0.5045731707317073
297,150,0.01,512,0.8,0.9792284866468842,0.3384615384615385,0.5030487804878049
674,300,0.03,64,1.0,0.8923884514435696,0.3487179487179487,0.5014749262536873
914,500,0.03,64,1.0,0.9037433155080213,0.3466666666666667,0.5011119347664937
1138,1000,0.01,512,1.0,0.9761904761904762,0.3364102564102564,0.5003813882532419
296,150,0.01,384,1.0,0.9702380952380952,0.3343589743589744,0.4973302822273074
1144,1000,0.02,128,1.0,0.9320113314447592,0.3374358974358974,0.4954819277108434
794,400,0.03,64,1.0,0.9,0.3415384615384615,0.49516728624535317
59,50,0.01,768,0.8,0.96996996996997,0.3312820512820513,0.4938837920489297
553,250,0.03,64,0.8,0.8994565217391305,0.3394871794871795,0.49292628443782577
1018,750,0.01,512,1.0,0.9756838905775076,0.3292307692307692,0.49233128834355827
913,500,0.03,64,0.8,0.8991825613079019,0.3384615384615385,0.4918032786885246
1024,750,0.02,128,1.0,0.9285714285714286,0.3333333333333333,0.49056603773584906
65,50,0.02,256,0.8,0.9364161849710982,0.3323076923076923,0.49053747161241484
673,300,0.03,64,0.8,0.896457765667575,0.3374358974358974,0.4903129657228018
1033,750,0.03,64,0.8,0.9010989010989011,0.3364102564102564,0.4899178491411501
1153,1000,0.03,64,0.8,0.9008264462809917,0.3353846153846154,0.48878923766816146
185,100,0.02,256,0.8,0.9385964912280702,0.3292307692307692,0.4874715261958998
535,250,0.01,384,0.8,0.9813664596273292,0.3241025641025641,0.48727833461835
898,500,0.01,512,1.0,0.9781931464174455,0.32205128205128203,0.4845679012345679
1136,1000,0.01,384,1.0,0.9842767295597484,0.321025641025641,0.48414539829853054
554,250,0.03,64,1.0,0.8969359331476323,0.3302564102564103,0.4827586206896552
295,150,0.01,384,0.8,0.9811320754716981,0.32,0.48259860788863107
656,300,0.01,384,1.0,0.9810725552050473,0.318974358974359,0.48142414860681115
896,500,0.01,384,1.0,0.9779874213836478,0.318974358974359,0.48105181747873166
775,400,0.01,384,0.8,0.9777777777777777,0.3158974358974359,0.47751937984496123
57,50,0.01,512,0.8,0.9746835443037974,0.3158974358974359,0.47714949651433
424,200,0.02,128,1.0,0.9369369369369369,0.32,0.47706422018348627
793,400,0.03,64,0.8,0.8926553672316384,0.3241025641025641,0.47554552294958613
904,500,0.02,128,1.0,0.9311377245508982,0.318974358974359,0.47517188693659285
776,400,0.01,384,1.0,0.9838709677419355,0.3128205128205128,0.47470817120622566
895,500,0.01,384,0.8,0.9775641025641025,0.3128205128205128,0.473970473970474
768,400,0.005,768,1.0,0.9934426229508196,0.31076923076923074,0.4734375
434,200,0.03,64,1.0,0.8848314606741573,0.3230769230769231,0.473328324567994
664,300,0.02,128,1.0,0.9253731343283582,0.31794871794871793,0.4732824427480916
194,100,0.03,64,1.0,0.8942857142857142,0.321025641025641,0.47245283018867923
304,150,0.02,128,1.0,0.9196428571428571,0.3169230769230769,0.47139588100686497
888,500,0.005,768,1.0,0.9933993399339934,0.3087179487179487,0.47104851330203446
648,300,0.005,768,1.0,0.9933993399339934,0.3087179487179487,0.47104851330203446
784,400,0.02,128,1.0,0.9329268292682927,0.31384615384615383,0.4696853415195702
73,50,0.03,64,0.8,0.9008746355685131,0.3169230769230769,0.46889226100151743
767,400,0.005,768,0.8,0.9933554817275747,0.30666666666666664,0.46865203761755486
647,300,0.005,768,0.8,0.9933333333333333,0.30564102564102563,0.4674509803921569
415,200,0.01,384,0.8,0.980327868852459,0.30666666666666664,0.4671875
288,150,0.005,768,1.0,0.9932885906040269,0.3035897435897436,0.46504320502749413
536,250,0.01,384,1.0,0.9801980198019802,0.3046153846153846,0.4647887323943662
178,100,0.01,512,1.0,0.9801980198019802,0.3046153846153846,0.4647887323943662
1016,750,0.01,384,1.0,0.9769736842105263,0.3046153846153846,0.46442533229085226
184,100,0.02,128,1.0,0.9263803680981595,0.30974358974358973,0.4642582628747118
48,50,0.005,768,1.0,0.9932432432432432,0.30153846153846153,0.4626278520849725
175,100,0.01,384,0.8,0.9800664451827242,0.30256410256410254,0.46238244514106586
433,200,0.03,64,0.8,0.9017857142857143,0.31076923076923074,0.4622425629290618
54,50,0.01,256,1.0,0.9768211920529801,0.30256410256410254,0.4620203602192639
544,250,0.02,128,1.0,0.9285714285714286,0.30666666666666664,0.4610639938319198
408,200,0.005,768,1.0,0.9931972789115646,0.2994871794871795,0.46020488573680063
1015,750,0.01,384,0.8,0.9765100671140939,0.29846153846153844,0.45718774548311075
527,250,0.005,768,0.8,0.993127147766323,0.2964102564102564,0.4565560821484992
416,200,0.01,384,1.0,0.9796610169491525,0.2964102564102564,0.45511811023622045
662,300,0.02,64,1.0,0.9274447949526814,0.30153846153846153,0.4551083591331269
314,150,0.03,64,1.0,0.8865671641791045,0.3046153846153846,0.4534351145038168
887,500,0.005,768,0.8,0.9930555555555556,0.29333333333333333,0.45288994457640536
902,500,0.02,64,1.0,0.926984126984127,0.2994871794871795,0.45271317829457364
773,400,0.01,256,0.8,0.9795221843003413,0.29435897435897435,0.4526813880126183
1022,750,0.02,64,1.0,0.9240506329113924,0.2994871794871795,0.45236250968241676
528,250,0.005,768,1.0,0.9930313588850174,0.2923076923076923,0.45166402535657685
653,300,0.01,256,0.8,0.9794520547945206,0.29333333333333333,0.4514601420678769
1135,1000,0.01,384,0.8,0.9793103448275862,0.29128205128205126,0.4490118577075099
782,400,0.02,64,1.0,0.9233226837060703,0.2964102564102564,0.44875776397515527
313,150,0.03,64,0.8,0.8953846153846153,0.29846153846153844,0.44769230769230767
893,500,0.01,256,0.8,0.975609756097561,0.28717948717948716,0.4437400950871632
1142,1000,0.02,64,1.0,0.9250814332247557,0.29128205128205126,0.44305772230889234
1128,1000,0.005,768,1.0,0.992831541218638,0.2841025641025641,0.44178628389154706
168,100,0.005,768,1.0,0.992831541218638,0.2841025641025641,0.44178628389154706
1008,750,0.005,768,1.0,0.9928057553956835,0.28307692307692306,0.4405426975259378
542,250,0.02,64,1.0,0.9235880398671097,0.28512820512820514,0.43573667711598746
176,100,0.01,384,1.0,0.9611307420494699,0.27897435897435896,0.43243243243243246
533,250,0.01,256,0.8,0.9818181818181818,0.27692307692307694,0.432
1007,750,0.005,768,0.8,0.992619926199262,0.27589743589743587,0.4317817014446228
422,200,0.02,64,1.0,0.9288135593220339,0.28102564102564104,0.431496062992126
661,300,0.02,64,0.8,0.9163879598662207,0.28102564102564104,0.4301412872841444
193,100,0.03,64,0.8,0.9046052631578947,0.28205128205128205,0.4300234558248632
901,500,0.02,64,0.8,0.9161073825503355,0.28,0.4289080911233307
774,400,0.01,256,1.0,0.9745454545454545,0.27487179487179486,0.4288
1127,1000,0.005,768,0.8,0.9925093632958801,0.2717948717948718,0.42673107890499196
1141,1000,0.02,64,0.8,0.9180887372013652,0.27589743589743587,0.4242902208201893
1021,750,0.02,64,0.8,0.9149659863945578,0.27589743589743587,0.4239558707643814
46,50,0.005,512,1.0,0.9887218045112782,0.26974358974358975,0.4238517324738114
407,200,0.005,768,0.8,0.9924242424242424,0.26871794871794874,0.42292171105730425
541,250,0.02,64,0.8,0.9146757679180887,0.27487179487179486,0.4227129337539432
651,300,0.01,128,0.8,0.9771863117870723,0.2635897435897436,0.41518578352180935
894,500,0.01,256,1.0,0.9770114942528736,0.26153846153846155,0.41262135922330095
55,50,0.01,384,0.8,0.9659090909090909,0.26153846153846155,0.4116222760290557
654,300,0.01,256,1.0,0.9769230769230769,0.2605128205128205,0.41133603238866395
1013,750,0.01,256,0.8,0.9731800766283525,0.2605128205128205,0.4110032362459547
61,50,0.02,64,0.8,0.9148936170212766,0.26461538461538464,0.4105011933174224
287,150,0.005,768,0.8,0.9920948616600791,0.25743589743589745,0.40879478827361565
421,200,0.02,64,0.8,0.9078014184397163,0.26256410256410256,0.40731901352426414
531,250,0.01,128,0.8,0.9728682170542635,0.25743589743589745,0.4071370640713706
182,100,0.02,64,1.0,0.9107142857142857,0.26153846153846155,0.4063745019920319
645,300,0.005,512,0.8,0.992,0.25435897435897437,0.4048979591836735
1134,1000,0.01,256,1.0,0.9764705882352941,0.2553846153846154,0.40487804878048783
1133,1000,0.01,256,0.8,0.9724409448818898,0.25333333333333335,0.4019528071602929
525,250,0.005,512,0.8,0.991869918699187,0.25025641025641027,0.39967239967239965
302,150,0.02,64,1.0,0.9054545454545454,0.2553846153846154,0.3984
44,50,0.005,384,1.0,0.9918367346938776,0.24923076923076923,0.3983606557377049
646,300,0.005,512,1.0,0.9838056680161943,0.24923076923076923,0.397708674304419
1014,750,0.01,256,1.0,0.9758064516129032,0.24820512820512822,0.39574816026165166
1005,750,0.005,512,0.8,0.9917355371900827,0.24615384615384617,0.3944124897288414
414,200,0.01,256,1.0,0.9717741935483871,0.24717948717948718,0.39411283728536384
286,150,0.005,512,1.0,0.9876543209876543,0.24615384615384617,0.39408866995073893
781,400,0.02,64,0.8,0.9040590405904059,0.2512820512820513,0.39325842696629215
405,200,0.005,512,0.8,0.9915966386554622,0.24205128205128204,0.3891178895300907
766,400,0.005,512,1.0,0.9873949579831933,0.24102564102564103,0.38746908491343773
771,400,0.01,128,0.8,0.9830508474576272,0.23794871794871794,0.3831544178364988
167,100,0.005,768,0.8,0.9914163090128756,0.23692307692307693,0.3824503311258278
406,200,0.005,512,1.0,0.9871794871794872,0.23692307692307693,0.38213399503722084
413,200,0.01,256,0.8,0.9829787234042553,0.23692307692307693,0.38181818181818183
885,500,0.005,512,0.8,0.9913793103448276,0.2358974358974359,0.38111019055509526
1125,1000,0.005,512,0.8,0.991304347826087,0.23384615384615384,0.3784232365145228
534,250,0.01,256,1.0,0.9743589743589743,0.23384615384615384,0.3771712158808933
891,500,0.01,128,0.8,0.9743589743589743,0.23384615384615384,0.3771712158808933
51,50,0.01,128,0.8,0.978448275862069,0.23282051282051283,0.376139188069594
50,50,0.01,64,1.0,0.9742489270386266,0.23282051282051283,0.3758278145695364
765,400,0.005,512,0.8,0.9912280701754386,0.2317948717948718,0.37572734829592686
526,250,0.005,512,1.0,0.9868995633187773,0.2317948717948718,0.3754152823920266
171,100,0.01,128,0.8,0.9824561403508771,0.22974358974358974,0.372402327514547
301,150,0.02,64,0.8,0.8980392156862745,0.23487179487179488,0.3723577235772358
886,500,0.005,512,1.0,0.9910714285714286,0.2276923076923077,0.3703085904920767
291,150,0.01,128,0.8,0.9779735682819384,0.2276923076923077,0.36938435940099834
1126,1000,0.005,512,1.0,0.9910313901345291,0.22666666666666666,0.36894824707846413
165,100,0.005,512,0.8,0.990990990990991,0.22564102564102564,0.36758563074352546
285,150,0.005,512,0.8,0.9909502262443439,0.2246153846153846,0.36622073578595316
1006,750,0.005,512,1.0,0.9908675799086758,0.22256410256410256,0.36348408710217756
294,150,0.01,256,1.0,0.9646017699115044,0.2235897435897436,0.3630308076602831
1124,1000,0.005,384,1.0,0.9908256880733946,0.22153846153846155,0.36211232187761944
284,150,0.005,384,1.0,0.9907834101382489,0.2205128205128205,0.36073825503355705
174,100,0.01,256,1.0,0.9598214285714286,0.2205128205128205,0.3586321934945788
181,100,0.02,64,0.8,0.9004149377593361,0.22256410256410256,0.3569078947368421
52,50,0.01,128,1.0,0.9767441860465116,0.2153846153846154,0.35294117647058826
293,150,0.01,256,0.8,0.9857142857142858,0.2123076923076923,0.3493670886075949
53,50,0.01,256,0.8,0.9671361502347418,0.21128205128205127,0.3468013468013468
411,200,0.01,128,0.8,0.9761904761904762,0.21025641025641026,0.3459915611814346
1011,750,0.01,128,0.8,0.9715639810426541,0.21025641025641026,0.3456998313659359
644,300,0.005,384,1.0,0.9854368932038835,0.2082051282051282,0.3437764606265876
47,50,0.005,768,0.8,0.9853658536585366,0.20717948717948717,0.3423728813559322
1131,1000,0.01,128,0.8,0.970873786407767,0.20512820512820512,0.3386960203217612
173,100,0.01,256,0.8,0.9702970297029703,0.20102564102564102,0.33305012744265083
884,500,0.005,384,1.0,0.9897959183673469,0.19897435897435897,0.33134073441502987
764,400,0.005,384,1.0,0.9897959183673469,0.19897435897435897,0.33134073441502987
404,200,0.005,384,1.0,0.9847715736040609,0.19897435897435897,0.3310580204778157
524,250,0.005,384,1.0,0.9847715736040609,0.19897435897435897,0.3310580204778157
292,150,0.01,128,1.0,0.965,0.19794871794871796,0.32851063829787236
643,300,0.005,384,0.8,0.9896373056994818,0.19589743589743588,0.3270547945205479
1004,750,0.005,384,1.0,0.9895833333333334,0.19487179487179487,0.32562125107112255
641,300,0.005,256,0.8,0.9895287958115183,0.19384615384615383,0.3241852487135506
763,400,0.005,384,0.8,0.9842931937172775,0.19282051282051282,0.32246998284734135
166,100,0.005,512,1.0,0.9842931937172775,0.19282051282051282,0.32246998284734135
45,50,0.005,512,0.8,0.9946524064171123,0.19076923076923077,0.32013769363166955
1012,750,0.01,128,1.0,0.9635416666666666,0.18974358974358974,0.3170522707797772
1123,1000,0.005,384,0.8,0.989247311827957,0.18871794871794872,0.3169681309216193
172,100,0.01,128,1.0,0.9633507853403142,0.18871794871794872,0.3156089193825043
883,500,0.005,384,0.8,0.9891891891891892,0.18769230769230769,0.31551724137931036
412,200,0.01,128,1.0,0.9682539682539683,0.18769230769230769,0.31443298969072164
1132,1000,0.01,128,1.0,0.9682539682539683,0.18769230769230769,0.31443298969072164
761,400,0.005,256,0.8,0.9891304347826086,0.18666666666666668,0.31406384814495253
762,400,0.005,256,1.0,0.9891304347826086,0.18666666666666668,0.31406384814495253
881,500,0.005,256,0.8,0.9891304347826086,0.18666666666666668,0.31406384814495253
163,100,0.005,384,0.8,0.9891304347826086,0.18666666666666668,0.31406384814495253
283,150,0.005,384,0.8,0.9890710382513661,0.18564102564102564,0.3126079447322971
523,250,0.005,384,0.8,0.9890710382513661,0.18564102564102564,0.3126079447322971
1003,750,0.005,384,0.8,0.9890710382513661,0.18564102564102564,0.3126079447322971
1001,750,0.005,256,0.8,0.989010989010989,0.18461538461538463,0.3111495246326707
1121,1000,0.005,256,0.8,0.9888888888888889,0.18256410256410258,0.30822510822510824
403,200,0.005,384,0.8,0.9888888888888889,0.18256410256410258,0.30822510822510824
1122,1000,0.005,256,1.0,0.9833333333333333,0.18153846153846154,0.3064935064935065
892,500,0.01,128,1.0,0.9619565217391305,0.18153846153846154,0.30543572044866263
652,300,0.01,128,1.0,0.967032967032967,0.18051282051282053,0.30423509075194466
1010,750,0.01,64,1.0,0.9776536312849162,0.1794871794871795,0.30329289428076256
882,500,0.005,256,1.0,0.9885714285714285,0.17743589743589744,0.3008695652173913
772,400,0.01,128,1.0,0.9664804469273743,0.17743589743589744,0.29982668977469673
642,300,0.005,256,1.0,0.9884393063583815,0.1753846153846154,0.2979094076655052
650,300,0.01,64,1.0,0.9771428571428571,0.1753846153846154,0.29739130434782607
639,300,0.005,128,0.8,0.9883720930232558,0.17435897435897435,0.29642545771578027
1002,750,0.005,256,1.0,0.9883720930232558,0.17435897435897435,0.29642545771578027
164,100,0.005,384,1.0,0.9883040935672515,0.17333333333333334,0.2949389179755672
532,250,0.01,128,1.0,0.9602272727272727,0.17333333333333334,0.29365768896611644
521,250,0.005,256,0.8,0.9880952380952381,0.17025641025641025,0.2904636920384952
42,50,0.005,256,1.0,0.9880239520958084,0.16923076923076924,0.28896672504378285
889,500,0.01,64,0.8,0.9482758620689655,0.16923076923076924,0.28720626631853785
1129,1000,0.01,64,0.8,0.9479768786127167,0.1682051282051282,0.2857142857142857
649,300,0.01,64,0.8,0.9425287356321839,0.1682051282051282,0.2854656222802437
1130,1000,0.01,64,1.0,0.9702380952380952,0.1671794871794872,0.2852143482064742
1009,750,0.01,64,0.8,0.9476744186046512,0.1671794871794872,0.2842197035745423
522,250,0.005,256,1.0,0.9877300613496932,0.16512820512820514,0.28295254833040423
519,250,0.005,128,0.8,0.9876543209876543,0.1641025641025641,0.28144239226033424
402,200,0.005,256,1.0,0.9875776397515528,0.16307692307692306,0.27992957746478875
529,250,0.01,64,0.8,0.9411764705882353,0.1641025641025641,0.2794759825327511
879,500,0.005,128,0.8,0.9875,0.16205128205128205,0.27841409691629954
770,400,0.01,64,1.0,0.9751552795031055,0.16102564102564101,0.2764084507042254
890,500,0.01,64,1.0,0.9751552795031055,0.16102564102564101,0.2764084507042254
756,400,0.002,768,1.0,0.9936305732484076,0.16,0.2756183745583039
759,400,0.005,128,0.8,0.9871794871794872,0.15794871794871795,0.2723253757736516
530,250,0.01,64,1.0,0.9743589743589743,0.1558974358974359,0.268788682581786
755,400,0.002,768,0.8,0.9933333333333333,0.15282051282051282,0.2648888888888889
769,400,0.01,64,0.8,0.9433962264150944,0.15384615384615385,0.26455026455026454
170,100,0.01,64,1.0,0.9612903225806452,0.15282051282051282,0.26371681415929205
43,50,0.005,384,0.8,0.9866666666666667,0.1517948717948718,0.26311111111111113
49,50,0.01,64,0.8,0.93125,0.15282051282051282,0.26255506607929513
636,300,0.002,768,1.0,0.9931972789115646,0.14974358974358976,0.26024955436720143
515,250,0.002,768,0.8,0.9931972789115646,0.14974358974358976,0.26024955436720143
282,150,0.005,256,1.0,0.9863945578231292,0.14871794871794872,0.25846702317290554
999,750,0.005,128,0.8,0.9863945578231292,0.14871794871794872,0.25846702317290554
996,750,0.002,768,1.0,0.9863945578231292,0.14871794871794872,0.25846702317290554
876,500,0.002,768,1.0,0.993103448275862,0.1476923076923077,0.2571428571428571
635,300,0.002,768,0.8,0.9930555555555556,0.14666666666666667,0.2555853440571939
516,250,0.002,768,1.0,0.993006993006993,0.14564102564102563,0.25402504472271914
36,50,0.002,768,1.0,0.9929078014184397,0.14358974358974358,0.25089605734767023
162,100,0.005,256,1.0,0.9859154929577465,0.14358974358974358,0.25067144136078784
155,100,0.002,768,0.8,0.9928571428571429,0.14256410256410257,0.24932735426008967
1119,1000,0.005,128,0.8,0.9858156028368794,0.14256410256410257,0.24910394265232974
409,200,0.01,64,0.8,0.9333333333333333,0.14358974358974358,0.24888888888888888
410,200,0.01,64,1.0,0.9788732394366197,0.14256410256410257,0.24888093106535364
395,200,0.002,768,0.8,0.9928057553956835,0.14153846153846153,0.24775583482944344
875,500,0.002,768,0.8,0.9926470588235294,0.13846153846153847,0.24302430243024303
1116,1000,0.002,768,1.0,0.9925925925925926,0.13743589743589743,0.24144144144144145
401,200,0.005,256,0.8,0.9852941176470589,0.13743589743589743,0.24122412241224123
289,150,0.01,64,0.8,0.9183673469387755,0.13846153846153847,0.24064171122994651
995,750,0.002,768,0.8,0.9925373134328358,0.13641025641025642,0.23985572587917042
279,150,0.005,128,0.8,0.9851851851851852,0.13641025641025642,0.23963963963963963
275,150,0.002,768,0.8,0.9924812030075187,0.13538461538461538,0.23826714801444043
1115,1000,0.002,768,0.8,0.9924242424242424,0.13435897435897437,0.23667570009033423
276,150,0.002,768,1.0,0.9924242424242424,0.13435897435897437,0.23667570009033423
399,200,0.005,128,0.8,0.9849624060150376,0.13435897435897437,0.2364620938628159
281,150,0.005,256,0.8,0.9849624060150376,0.13435897435897437,0.2364620938628159
40,50,0.005,128,1.0,0.9846153846153847,0.13128205128205128,0.2316742081447964
39,50,0.005,128,0.8,0.9844961240310077,0.13025641025641024,0.23007246376811594
1120,1000,0.005,128,1.0,0.9769230769230769,0.13025641025641024,0.22986425339366515
38,50,0.005,64,1.0,0.984375,0.12923076923076923,0.22846781504986402
633,300,0.002,512,0.8,0.9920634920634921,0.1282051282051282,0.22706630336058128
1000,750,0.005,128,1.0,0.984251968503937,0.1282051282051282,0.22686025408348456
280,150,0.005,128,1.0,0.984251968503937,0.1282051282051282,0.22686025408348456
161,100,0.005,256,0.8,0.9841269841269841,0.12717948717948718,0.22524977293369663
159,100,0.005,128,0.8,0.9841269841269841,0.12717948717948718,0.22524977293369663
396,200,0.002,768,1.0,0.9919354838709677,0.12615384615384614,0.22383985441310283
513,250,0.002,512,0.8,0.991869918699187,0.12512820512820513,0.2222222222222222
41,50,0.005,256,0.8,0.983739837398374,0.12410256410256411,0.2204007285974499
640,300,0.005,128,1.0,0.9836065573770492,0.12307692307692308,0.2187784867821331
290,150,0.01,64,1.0,0.96,0.12307692307692308,0.21818181818181817
156,100,0.002,768,1.0,0.9916666666666667,0.12205128205128205,0.217351598173516
400,200,0.005,128,1.0,0.9833333333333333,0.12102564102564102,0.21552511415525114
638,300,0.005,64,1.0,0.9830508474576272,0.11897435897435897,0.21225983531564502
753,400,0.002,512,0.8,0.9911504424778761,0.11487179487179487,0.20588235294117646
160,100,0.005,128,1.0,0.9824561403508771,0.11487179487179487,0.2056932966023875
394,200,0.002,512,1.0,0.990990990990991,0.11282051282051282,0.20257826887661143
1113,1000,0.002,512,0.8,0.990990990990991,0.11282051282051282,0.20257826887661143
993,750,0.002,512,0.8,0.990990990990991,0.11282051282051282,0.20257826887661143
153,100,0.002,512,0.8,0.990909090909091,0.1117948717948718,0.20092165898617512
998,750,0.005,64,1.0,0.9819819819819819,0.1117948717948718,0.2007366482504604
1118,1000,0.005,64,1.0,0.9732142857142857,0.1117948717948718,0.20055197792088317
873,500,0.002,512,0.8,0.9908256880733946,0.11076923076923077,0.1992619926199262
1112,1000,0.002,384,1.0,0.9907407407407407,0.10974358974358975,0.19759926131117267
880,500,0.005,128,1.0,0.9814814814814815,0.10871794871794872,0.19575253924284394
760,400,0.005,128,1.0,0.9814814814814815,0.10871794871794872,0.19575253924284394
169,100,0.01,64,0.8,0.9298245614035088,0.10871794871794872,0.19467401285583102
994,750,0.002,512,1.0,0.9905660377358491,0.1076923076923077,0.1942645698427382
520,250,0.005,128,1.0,0.9813084112149533,0.1076923076923077,0.19408502772643252
997,750,0.005,64,0.8,0.9722222222222222,0.1076923076923077,0.19390581717451524
634,300,0.002,512,1.0,0.9904761904761905,0.10666666666666667,0.1925925925925926
274,150,0.002,512,1.0,0.9904761904761905,0.10666666666666667,0.1925925925925926
34,50,0.002,512,1.0,0.9904761904761905,0.10666666666666667,0.1925925925925926
878,500,0.005,64,1.0,0.9811320754716981,0.10666666666666667,0.19241443108233117
758,400,0.005,64,1.0,0.9811320754716981,0.10666666666666667,0.19241443108233117
1114,1000,0.002,512,1.0,0.9903846153846154,0.10564102564102563,0.19091751621872105
877,500,0.005,64,0.8,0.9807692307692307,0.10461538461538461,0.18906394810009267
273,150,0.002,512,0.8,0.9901960784313726,0.10358974358974359,0.18755803156917364
503,250,0.001,768,0.8,0.9901960784313726,0.10358974358974359,0.18755803156917364
518,250,0.005,64,1.0,0.9805825242718447,0.10358974358974359,0.18738404452690166
637,300,0.005,64,0.8,0.9805825242718447,0.10358974358974359,0.18738404452690166
1117,1000,0.005,64,0.8,0.9711538461538461,0.10358974358974359,0.1872103799814643
35,50,0.002,768,0.8,0.9900990099009901,0.10256410256410256,0.18587360594795538
383,200,0.001,768,0.8,0.99,0.10153846153846154,0.1841860465116279
623,300,0.001,768,0.8,0.98989898989899,0.10051282051282051,0.1824953445065177
263,150,0.001,768,0.8,0.98989898989899,0.10051282051282051,0.1824953445065177
393,200,0.002,512,0.8,0.9897959183673469,0.09948717948717949,0.18080149114631874
627,300,0.002,128,0.8,0.9897959183673469,0.09948717948717949,0.18080149114631874
517,250,0.005,64,0.8,0.97,0.09948717948717949,0.18046511627906978
863,500,0.001,768,0.8,0.9896907216494846,0.09846153846153846,0.1791044776119403
743,400,0.001,768,0.8,0.9895833333333334,0.09743589743589744,0.17740429505135388
754,400,0.002,512,1.0,0.9895833333333334,0.09743589743589744,0.17740429505135388
398,200,0.005,64,1.0,0.9791666666666666,0.09641025641025641,0.17553688141923435
33,50,0.002,512,0.8,0.9893617021276596,0.09538461538461539,0.17399438727782976
1104,1000,0.001,768,1.0,0.9893617021276596,0.09538461538461539,0.17399438727782976
757,400,0.005,64,0.8,0.9789473684210527,0.09538461538461539,0.17383177570093458
514,250,0.002,512,1.0,0.989247311827957,0.09435897435897436,0.17228464419475656
749,400,0.002,256,0.8,0.9891304347826086,0.09333333333333334,0.17057169634489222
1103,1000,0.001,768,0.8,0.9891304347826086,0.09333333333333334,0.17057169634489222
992,750,0.002,384,1.0,0.9891304347826086,0.09333333333333334,0.17057169634489222
629,300,0.002,256,0.8,0.9891304347826086,0.09333333333333334,0.17057169634489222
507,250,0.002,128,0.8,0.989010989010989,0.09230769230769231,0.16885553470919323
984,750,0.001,768,1.0,0.989010989010989,0.09230769230769231,0.16885553470919323
143,100,0.001,768,0.8,0.989010989010989,0.09230769230769231,0.16885553470919323
983,750,0.001,768,0.8,0.9888888888888889,0.09128205128205129,0.1671361502347418
867,500,0.002,128,0.8,0.9888888888888889,0.09128205128205129,0.1671361502347418
151,100,0.002,384,0.8,0.9888888888888889,0.09128205128205129,0.1671361502347418
37,50,0.005,64,0.8,0.9368421052631579,0.09128205128205129,0.16635514018691588
874,500,0.002,512,1.0,0.9887640449438202,0.09025641025641026,0.16541353383458646
264,150,0.001,768,1.0,0.9887640449438202,0.09025641025641026,0.16541353383458646
869,500,0.002,256,0.8,0.9887640449438202,0.09025641025641026,0.16541353383458646
271,150,0.002,384,0.8,0.9886363636363636,0.08923076923076922,0.1636876763875823
512,250,0.002,384,1.0,0.9885057471264368,0.0882051282051282,0.16195856873822975
1111,1000,0.002,384,0.8,0.9883720930232558,0.08717948717948718,0.16022620169651272
511,250,0.002,384,0.8,0.9883720930232558,0.08717948717948718,0.16022620169651272
272,150,0.002,384,1.0,0.9883720930232558,0.08717948717948718,0.16022620169651272
631,300,0.002,384,0.8,0.9882352941176471,0.08615384615384615,0.15849056603773584
624,300,0.001,768,1.0,0.9882352941176471,0.08615384615384615,0.15849056603773584
872,500,0.002,384,1.0,0.9882352941176471,0.08615384615384615,0.15849056603773584
989,750,0.002,256,0.8,0.9882352941176471,0.08615384615384615,0.15849056603773584
1109,1000,0.002,256,0.8,0.9880952380952381,0.08512820512820513,0.15675165250236073
277,150,0.005,64,0.8,0.9318181818181818,0.0841025641025641,0.15428033866415805
632,300,0.002,384,1.0,0.9878048780487805,0.08307692307692308,0.1532639545884579
1107,1000,0.002,128,0.8,0.9878048780487805,0.08307692307692308,0.1532639545884579
384,200,0.001,768,1.0,0.9878048780487805,0.08307692307692308,0.1532639545884579
158,100,0.005,64,1.0,0.9759036144578314,0.08307692307692308,0.15311909262759923
397,200,0.005,64,0.8,0.9642857142857143,0.08307692307692308,0.1529745042492918
32,50,0.002,384,1.0,0.9876543209876543,0.08205128205128205,0.15151515151515152
987,750,0.002,128,0.8,0.9876543209876543,0.08205128205128205,0.15151515151515152
154,100,0.002,512,1.0,0.9876543209876543,0.08205128205128205,0.15151515151515152
747,400,0.002,128,0.8,0.9876543209876543,0.08205128205128205,0.15151515151515152
278,150,0.005,64,1.0,0.975609756097561,0.08205128205128205,0.15137180700094607
622,300,0.001,512,1.0,0.9875,0.08102564102564103,0.14976303317535544
502,250,0.001,512,1.0,0.9875,0.08102564102564103,0.14976303317535544
991,750,0.002,384,0.8,0.9875,0.08102564102564103,0.14976303317535544
864,500,0.001,768,1.0,0.9873417721518988,0.08,0.14800759013282733
744,400,0.001,768,1.0,0.9873417721518988,0.08,0.14800759013282733
751,400,0.002,384,0.8,0.9873417721518988,0.08,0.14800759013282733
392,200,0.002,384,1.0,0.9873417721518988,0.08,0.14800759013282733
986,750,0.002,64,1.0,1.0,0.07897435897435898,0.14638783269961977
752,400,0.002,384,1.0,0.9871794871794872,0.07897435897435898,0.1462488129154796
388,200,0.002,128,1.0,0.9746835443037974,0.07897435897435898,0.1461100569259962
22,50,0.001,512,1.0,0.987012987012987,0.07794871794871795,0.1444866920152091
630,300,0.002,256,1.0,0.9868421052631579,0.07692307692307693,0.142721217887726
1110,1000,0.002,256,1.0,0.9868421052631579,0.07692307692307693,0.142721217887726
509,250,0.002,256,0.8,0.9868421052631579,0.07692307692307693,0.142721217887726
382,200,0.001,512,1.0,0.9868421052631579,0.07692307692307693,0.142721217887726
1108,1000,0.002,128,1.0,0.974025974025974,0.07692307692307693,0.14258555133079848
988,750,0.002,128,1.0,0.974025974025974,0.07692307692307693,0.14258555133079848
742,400,0.001,512,1.0,0.9866666666666667,0.0758974358974359,0.14095238095238094
268,150,0.002,128,1.0,0.9866666666666667,0.0758974358974359,0.14095238095238094
390,200,0.002,256,1.0,0.9866666666666667,0.0758974358974359,0.14095238095238094
625,300,0.002,64,0.8,1.0,0.07487179487179488,0.13931297709923665
30,50,0.002,256,1.0,0.9864864864864865,0.07487179487179488,0.13918017159199236
1101,1000,0.001,512,0.8,0.9864864864864865,0.07487179487179488,0.13918017159199236
750,400,0.002,256,1.0,0.9864864864864865,0.07487179487179488,0.13918017159199236
267,150,0.002,128,0.8,0.9864864864864865,0.07487179487179488,0.13918017159199236
871,500,0.002,384,0.8,0.9864864864864865,0.07487179487179488,0.13918017159199236
985,750,0.002,64,0.8,1.0,0.07384615384615385,0.13753581661891118
1105,1000,0.002,64,0.8,1.0,0.07384615384615385,0.13753581661891118
990,750,0.002,256,1.0,0.9863013698630136,0.07384615384615385,0.13740458015267176
504,250,0.001,768,1.0,0.9863013698630136,0.07384615384615385,0.13740458015267176
510,250,0.002,256,1.0,0.9861111111111112,0.07282051282051281,0.1356255969436485
865,500,0.002,64,0.8,1.0,0.07179487179487179,0.1339712918660287
626,300,0.002,64,1.0,1.0,0.07179487179487179,0.1339712918660287
1102,1000,0.001,512,1.0,0.9859154929577465,0.07179487179487179,0.1338432122370937
870,500,0.002,256,1.0,0.9859154929577465,0.07179487179487179,0.1338432122370937
270,150,0.002,256,1.0,0.9859154929577465,0.07179487179487179,0.1338432122370937
866,500,0.002,64,1.0,0.9859154929577465,0.07179487179487179,0.1338432122370937
157,100,0.005,64,0.8,0.9459459459459459,0.07179487179487179,0.1334604385128694
1106,1000,0.002,64,1.0,1.0,0.07076923076923076,0.13218390804597702
746,400,0.002,64,1.0,0.9857142857142858,0.07076923076923076,0.1320574162679426
389,200,0.002,256,0.8,0.9857142857142858,0.07076923076923076,0.1320574162679426
152,100,0.002,384,1.0,0.9855072463768116,0.06974358974358974,0.13026819923371646
23,50,0.001,768,0.8,0.9855072463768116,0.06974358974358974,0.13026819923371646
150,100,0.002,256,1.0,0.9852941176470589,0.06871794871794872,0.12847555129434324
868,500,0.002,128,1.0,0.9710144927536232,0.06871794871794872,0.12835249042145594
149,100,0.002,256,0.8,0.9850746268656716,0.06769230769230769,0.12667946257197696
387,200,0.002,128,0.8,0.9850746268656716,0.06769230769230769,0.12667946257197696
982,750,0.001,512,1.0,0.9850746268656716,0.06769230769230769,0.12667946257197696
861,500,0.001,512,0.8,0.9848484848484849,0.06666666666666667,0.12487992315081652
391,200,0.002,384,0.8,0.9848484848484849,0.06666666666666667,0.12487992315081652
628,300,0.002,128,1.0,0.9848484848484849,0.06666666666666667,0.12487992315081652
745,400,0.002,64,0.8,0.9701492537313433,0.06666666666666667,0.12476007677543186
251,150,0.0005,768,0.8,1.0,0.06461538461538462,0.12138728323699421
262,150,0.001,512,1.0,0.984375,0.06461538461538462,0.12127045235803657
748,400,0.002,128,1.0,0.984375,0.06461538461538462,0.12127045235803657
506,250,0.002,64,1.0,0.984375,0.06461538461538462,0.12127045235803657
981,750,0.001,512,0.8,0.9841269841269841,0.06358974358974359,0.11946050096339114
508,250,0.002,128,1.0,0.9841269841269841,0.06358974358974359,0.11946050096339114
31,50,0.002,384,0.8,0.9841269841269841,0.06358974358974359,0.11946050096339114
26,50,0.002,64,1.0,1.0,0.06256410256410257,0.11776061776061776
265,150,0.002,64,0.8,1.0,0.06256410256410257,0.11776061776061776
505,250,0.002,64,0.8,1.0,0.06153846153846154,0.11594202898550725
29,50,0.002,256,0.8,0.9836065573770492,0.06153846153846154,0.11583011583011583
618,300,0.001,256,1.0,0.9836065573770492,0.06153846153846154,0.11583011583011583
25,50,0.002,64,0.8,1.0,0.06051282051282051,0.11411992263056092
386,200,0.002,64,1.0,0.9830508474576272,0.059487179487179485,0.11218568665377177
617,300,0.001,256,0.8,0.9827586206896551,0.05846153846153846,0.11035818005808325
378,200,0.001,256,1.0,0.9827586206896551,0.05846153846153846,0.11035818005808325
1097,1000,0.001,256,0.8,0.9824561403508771,0.057435897435897436,0.10852713178294573
269,150,0.002,256,0.8,0.9824561403508771,0.057435897435897436,0.10852713178294573
1100,1000,0.001,384,1.0,0.9824561403508771,0.057435897435897436,0.10852713178294573
862,500,0.001,512,1.0,0.9824561403508771,0.057435897435897436,0.10852713178294573
131,100,0.0005,768,0.8,1.0,0.05641025641025641,0.10679611650485436
371,200,0.0005,768,0.8,1.0,0.05641025641025641,0.10679611650485436
1099,1000,0.001,384,0.8,0.9821428571428571,0.05641025641025641,0.1066925315227934
498,250,0.001,256,1.0,0.9821428571428571,0.05641025641025641,0.1066925315227934
619,300,0.001,384,0.8,0.9821428571428571,0.05641025641025641,0.1066925315227934
615,300,0.001,128,0.8,1.0,0.055384615384615386,0.10495626822157435
1098,1000,0.001,256,1.0,0.9818181818181818,0.055384615384615386,0.10485436893203884
24,50,0.001,768,1.0,0.9818181818181818,0.055384615384615386,0.10485436893203884
621,300,0.001,512,0.8,0.9818181818181818,0.055384615384615386,0.10485436893203884
977,750,0.001,256,0.8,0.9814814814814815,0.05435897435897436,0.10301263362487852
858,500,0.001,256,1.0,0.9814814814814815,0.05435897435897436,0.10301263362487852
738,400,0.001,256,1.0,0.9814814814814815,0.05435897435897436,0.10301263362487852
737,400,0.001,256,0.8,0.9814814814814815,0.05435897435897436,0.10301263362487852
385,200,0.002,64,0.8,1.0,0.05333333333333334,0.10126582278481013
258,150,0.001,256,1.0,0.9811320754716981,0.05333333333333334,0.10116731517509728
138,100,0.001,256,1.0,0.9811320754716981,0.05333333333333334,0.10116731517509728
857,500,0.001,256,0.8,0.9811320754716981,0.05333333333333334,0.10116731517509728
491,250,0.0005,768,0.8,1.0,0.052307692307692305,0.09941520467836257
605,300,0.0005,256,0.8,1.0,0.052307692307692305,0.09941520467836257
141,100,0.001,512,0.8,0.9807692307692307,0.052307692307692305,0.09931840311587146
980,750,0.001,384,1.0,0.9807692307692307,0.052307692307692305,0.09931840311587146
741,400,0.001,512,0.8,0.9807692307692307,0.052307692307692305,0.09931840311587146
620,300,0.001,384,1.0,0.9807692307692307,0.052307692307692305,0.09931840311587146
261,150,0.001,512,0.8,0.9807692307692307,0.052307692307692305,0.09931840311587146
497,250,0.001,256,0.8,0.9803921568627451,0.05128205128205128,0.09746588693957114
860,500,0.001,384,1.0,0.9803921568627451,0.05128205128205128,0.09746588693957114
725,400,0.0005,256,0.8,1.0,0.050256410256410255,0.095703125
501,250,0.001,512,0.8,0.98,0.050256410256410255,0.09560975609756098
978,750,0.001,256,1.0,0.98,0.050256410256410255,0.09560975609756098
845,500,0.0005,256,0.8,0.98,0.050256410256410255,0.09560975609756098
500,250,0.001,384,1.0,0.98,0.050256410256410255,0.09560975609756098
376,200,0.001,128,1.0,1.0,0.04923076923076923,0.093841642228739
740,400,0.001,384,1.0,0.9795918367346939,0.04923076923076923,0.09375
381,200,0.001,512,0.8,0.9795918367346939,0.04923076923076923,0.09375
611,300,0.0005,768,0.8,1.0,0.048205128205128206,0.09197651663405088
859,500,0.001,384,0.8,0.9791666666666666,0.048205128205128206,0.09188660801564028
979,750,0.001,384,0.8,0.9791666666666666,0.048205128205128206,0.09188660801564028
18,50,0.001,256,1.0,0.9791666666666666,0.048205128205128206,0.09188660801564028
27,50,0.002,128,0.8,0.9791666666666666,0.048205128205128206,0.09188660801564028
144,100,0.001,768,1.0,0.9791666666666666,0.048205128205128206,0.09188660801564028
147,100,0.002,128,0.8,0.9791666666666666,0.048205128205128206,0.09188660801564028
148,100,0.002,128,1.0,0.9791666666666666,0.048205128205128206,0.09188660801564028
606,300,0.0005,256,1.0,1.0,0.04717948717948718,0.0901077375122429
735,400,0.001,128,0.8,1.0,0.04717948717948718,0.0901077375122429
28,50,0.002,128,1.0,0.9787234042553191,0.04717948717948718,0.09001956947162426
603,300,0.0005,128,0.8,1.0,0.046153846153846156,0.08823529411764706
855,500,0.001,128,0.8,1.0,0.046153846153846156,0.08823529411764706
499,250,0.001,384,0.8,1.0,0.046153846153846156,0.08823529411764706
965,750,0.0005,256,0.8,1.0,0.046153846153846156,0.08823529411764706
139,100,0.001,384,0.8,1.0,0.046153846153846156,0.08823529411764706
256,150,0.001,128,1.0,1.0,0.046153846153846156,0.08823529411764706
10,50,0.0005,512,1.0,0.9782608695652174,0.046153846153846156,0.0881488736532811
142,100,0.001,512,1.0,0.9782608695652174,0.046153846153846156,0.0881488736532811
145,100,0.002,64,0.8,0.9782608695652174,0.046153846153846156,0.0881488736532811
739,400,0.001,384,0.8,0.9777777777777777,0.04512820512820513,0.08627450980392157
485,250,0.0005,256,0.8,0.9777777777777777,0.04512820512820513,0.08627450980392157
495,250,0.001,128,0.8,1.0,0.0441025641025641,0.08447937131630648
146,100,0.002,64,1.0,0.9772727272727273,0.0441025641025641,0.08439646712463199
380,200,0.001,384,1.0,0.9772727272727273,0.0441025641025641,0.08439646712463199
1085,1000,0.0005,256,0.8,1.0,0.043076923076923075,0.08259587020648967
377,200,0.001,256,0.8,0.9767441860465116,0.043076923076923075,0.0825147347740668
612,300,0.0005,768,1.0,1.0,0.04205128205128205,0.08070866141732283
731,400,0.0005,768,0.8,1.0,0.04205128205128205,0.08070866141732283
973,750,0.001,64,0.8,1.0,0.04205128205128205,0.08070866141732283
851,500,0.0005,768,0.8,1.0,0.04205128205128205,0.08070866141732283
266,150,0.002,64,1.0,1.0,0.04205128205128205,0.08070866141732283
137,100,0.001,256,0.8,0.9761904761904762,0.04205128205128205,0.08062930186823992
21,50,0.001,512,0.8,0.9761904761904762,0.04205128205128205,0.08062930186823992
260,150,0.001,384,1.0,0.9761904761904762,0.04205128205128205,0.08062930186823992
1091,1000,0.0005,768,0.8,1.0,0.041025641025641026,0.07881773399014778
613,300,0.001,64,0.8,1.0,0.041025641025641026,0.07881773399014778
14,50,0.001,64,1.0,1.0,0.041025641025641026,0.07881773399014778
372,200,0.0005,768,1.0,1.0,0.041025641025641026,0.07881773399014778
974,750,0.001,64,1.0,1.0,0.04,0.07692307692307693
726,400,0.0005,256,1.0,1.0,0.04,0.07692307692307693
975,750,0.001,128,0.8,1.0,0.04,0.07692307692307693
1093,1000,0.001,64,0.8,1.0,0.04,0.07692307692307693
846,500,0.0005,256,1.0,0.975,0.04,0.07684729064039408
1092,1000,0.0005,768,1.0,1.0,0.038974358974358976,0.07502467917077986
723,400,0.0005,128,0.8,1.0,0.038974358974358976,0.07502467917077986
614,300,0.001,64,1.0,1.0,0.038974358974358976,0.07502467917077986
616,300,0.001,128,1.0,1.0,0.038974358974358976,0.07502467917077986
252,150,0.0005,768,1.0,1.0,0.038974358974358976,0.07502467917077986
1095,1000,0.001,128,0.8,1.0,0.038974358974358976,0.07502467917077986
843,500,0.0005,128,0.8,1.0,0.038974358974358976,0.07502467917077986
734,400,0.001,64,1.0,1.0,0.038974358974358976,0.07502467917077986
966,750,0.0005,256,1.0,0.9743589743589743,0.038974358974358976,0.07495069033530571
1094,1000,0.001,64,1.0,1.0,0.03794871794871795,0.07312252964426877
732,400,0.0005,768,1.0,1.0,0.03794871794871795,0.07312252964426877
971,750,0.0005,768,0.8,1.0,0.03794871794871795,0.07312252964426877
972,750,0.0005,768,1.0,1.0,0.03794871794871795,0.07312252964426877
976,750,0.001,128,1.0,1.0,0.03794871794871795,0.07312252964426877
853,500,0.001,64,0.8,1.0,0.03794871794871795,0.07312252964426877
6,50,0.0005,256,1.0,0.9736842105263158,0.03794871794871795,0.07305034550839092
610,300,0.0005,512,1.0,1.0,0.036923076923076927,0.0712166172106825
379,200,0.001,384,0.8,1.0,0.036923076923076927,0.0712166172106825
496,250,0.001,128,1.0,1.0,0.036923076923076927,0.0712166172106825
483,250,0.0005,128,0.8,1.0,0.036923076923076927,0.0712166172106825
486,250,0.0005,256,1.0,1.0,0.036923076923076927,0.0712166172106825
366,200,0.0005,256,1.0,1.0,0.036923076923076927,0.0712166172106825
12,50,0.0005,768,1.0,1.0,0.036923076923076927,0.0712166172106825
854,500,0.001,64,1.0,1.0,0.036923076923076927,0.0712166172106825
365,200,0.0005,256,0.8,1.0,0.036923076923076927,0.0712166172106825
13,50,0.001,64,0.8,1.0,0.036923076923076927,0.0712166172106825
259,150,0.001,384,0.8,0.9722222222222222,0.035897435897435895,0.06923837784371908
375,200,0.001,128,0.8,0.9722222222222222,0.035897435897435895,0.06923837784371908
370,200,0.0005,512,1.0,1.0,0.03487179487179487,0.06739345887016848
856,500,0.001,128,1.0,1.0,0.03487179487179487,0.06739345887016848
126,100,0.0005,256,1.0,0.9714285714285714,0.03487179487179487,0.06732673267326733
244,150,0.0005,128,1.0,1.0,0.033846153846153845,0.06547619047619048
963,750,0.0005,128,0.8,1.0,0.033846153846153845,0.06547619047619048
736,400,0.001,128,1.0,1.0,0.033846153846153845,0.06547619047619048
1083,1000,0.0005,128,0.8,1.0,0.033846153846153845,0.06547619047619048
604,300,0.0005,128,1.0,1.0,0.033846153846153845,0.06547619047619048
1096,1000,0.001,128,1.0,1.0,0.033846153846153845,0.06547619047619048
257,150,0.001,256,0.8,0.9705882352941176,0.033846153846153845,0.06541129831516353
493,250,0.001,64,0.8,1.0,0.03282051282051282,0.06355511420059583
494,250,0.001,64,1.0,1.0,0.03282051282051282,0.06355511420059583
246,150,0.0005,256,1.0,1.0,0.03282051282051282,0.06355511420059583
490,250,0.0005,512,1.0,1.0,0.03282051282051282,0.06355511420059583
1086,1000,0.0005,256,1.0,1.0,0.03282051282051282,0.06355511420059583
962,750,0.0005,64,1.0,1.0,0.03282051282051282,0.06355511420059583
248,150,0.0005,384,1.0,0.9696969696969697,0.03282051282051282,0.06349206349206349
492,250,0.0005,768,1.0,1.0,0.031794871794871796,0.061630218687872766
1090,1000,0.0005,512,1.0,1.0,0.031794871794871796,0.061630218687872766
730,400,0.0005,512,1.0,1.0,0.031794871794871796,0.061630218687872766
602,300,0.0005,64,1.0,1.0,0.031794871794871796,0.061630218687872766
607,300,0.0005,384,0.8,1.0,0.031794871794871796,0.061630218687872766
970,750,0.0005,512,1.0,1.0,0.031794871794871796,0.061630218687872766
852,500,0.0005,768,1.0,1.0,0.031794871794871796,0.061630218687872766
1082,1000,0.0005,64,1.0,1.0,0.03076923076923077,0.05970149253731343
733,400,0.001,64,0.8,1.0,0.03076923076923077,0.05970149253731343
961,750,0.0005,64,0.8,1.0,0.03076923076923077,0.05970149253731343
255,150,0.001,128,0.8,1.0,0.03076923076923077,0.05970149253731343
374,200,0.001,64,1.0,1.0,0.03076923076923077,0.05970149253731343
1088,1000,0.0005,384,1.0,1.0,0.03076923076923077,0.05970149253731343
132,100,0.0005,768,1.0,1.0,0.03076923076923077,0.05970149253731343
17,50,0.001,256,0.8,0.967741935483871,0.03076923076923077,0.05964214711729622
848,500,0.0005,384,1.0,1.0,0.029743589743589743,0.05776892430278884
849,500,0.0005,512,0.8,1.0,0.029743589743589743,0.05776892430278884
842,500,0.0005,64,1.0,1.0,0.029743589743589743,0.05776892430278884
487,250,0.0005,384,0.8,1.0,0.029743589743589743,0.05776892430278884
1084,1000,0.0005,128,1.0,1.0,0.029743589743589743,0.05776892430278884
1081,1000,0.0005,64,0.8,1.0,0.029743589743589743,0.05776892430278884
601,300,0.0005,64,0.8,1.0,0.029743589743589743,0.05776892430278884
850,500,0.0005,512,1.0,1.0,0.029743589743589743,0.05776892430278884
249,150,0.0005,512,0.8,1.0,0.028717948717948718,0.05583250249252243
127,100,0.0005,384,0.8,1.0,0.028717948717948718,0.05583250249252243
368,200,0.0005,384,1.0,1.0,0.028717948717948718,0.05583250249252243
722,400,0.0005,64,1.0,1.0,0.028717948717948718,0.05583250249252243
964,750,0.0005,128,1.0,1.0,0.028717948717948718,0.05583250249252243
484,250,0.0005,128,1.0,1.0,0.028717948717948718,0.05583250249252243
968,750,0.0005,384,1.0,1.0,0.028717948717948718,0.05583250249252243
488,250,0.0005,384,1.0,1.0,0.028717948717948718,0.05583250249252243
841,500,0.0005,64,0.8,1.0,0.028717948717948718,0.05583250249252243
482,250,0.0005,64,1.0,1.0,0.028717948717948718,0.05583250249252243
608,300,0.0005,384,1.0,1.0,0.028717948717948718,0.05583250249252243
1087,1000,0.0005,384,0.8,1.0,0.027692307692307693,0.05389221556886228
1089,1000,0.0005,512,0.8,1.0,0.027692307692307693,0.05389221556886228
969,750,0.0005,512,0.8,1.0,0.027692307692307693,0.05389221556886228
373,200,0.001,64,0.8,1.0,0.027692307692307693,0.05389221556886228
245,150,0.0005,256,0.8,0.9642857142857143,0.027692307692307693,0.053838484546360914
727,400,0.0005,384,0.8,1.0,0.02666666666666667,0.05194805194805195
363,200,0.0005,128,0.8,1.0,0.02666666666666667,0.05194805194805195
847,500,0.0005,384,0.8,1.0,0.02666666666666667,0.05194805194805195
136,100,0.001,128,1.0,1.0,0.02666666666666667,0.05194805194805195
135,100,0.001,128,0.8,1.0,0.02666666666666667,0.05194805194805195
364,200,0.0005,128,1.0,1.0,0.02666666666666667,0.05194805194805195
609,300,0.0005,512,0.8,1.0,0.02666666666666667,0.05194805194805195
369,200,0.0005,512,0.8,1.0,0.02666666666666667,0.05194805194805195
967,750,0.0005,384,0.8,1.0,0.02666666666666667,0.05194805194805195
250,150,0.0005,512,1.0,1.0,0.02666666666666667,0.05194805194805195
16,50,0.001,128,1.0,0.9629629629629629,0.02666666666666667,0.05189620758483034
19,50,0.001,384,0.8,0.9629629629629629,0.02666666666666667,0.05189620758483034
253,150,0.001,64,0.8,1.0,0.02564102564102564,0.05
489,250,0.0005,512,0.8,1.0,0.02564102564102564,0.05
728,400,0.0005,384,1.0,1.0,0.02564102564102564,0.05
844,500,0.0005,128,1.0,1.0,0.02564102564102564,0.05
367,200,0.0005,384,0.8,1.0,0.02564102564102564,0.05
721,400,0.0005,64,0.8,1.0,0.02564102564102564,0.05
20,50,0.001,384,1.0,0.9615384615384616,0.02564102564102564,0.04995004995004995
125,100,0.0005,256,0.8,0.96,0.024615384615384615,0.048
133,100,0.001,64,0.8,1.0,0.02358974358974359,0.04609218436873747
140,100,0.001,384,1.0,0.9583333333333334,0.02358974358974359,0.04604604604604605
729,400,0.0005,512,0.8,1.0,0.022564102564102566,0.044132397191574725
1,50,0.0005,64,0.8,1.0,0.022564102564102566,0.044132397191574725
362,200,0.0005,64,1.0,1.0,0.022564102564102566,0.044132397191574725
247,150,0.0005,384,0.8,1.0,0.022564102564102566,0.044132397191574725
11,50,0.0005,768,0.8,1.0,0.022564102564102566,0.044132397191574725
481,250,0.0005,64,0.8,1.0,0.021538461538461538,0.04216867469879518
129,100,0.0005,512,0.8,1.0,0.021538461538461538,0.04216867469879518
724,400,0.0005,128,1.0,1.0,0.021538461538461538,0.04216867469879518
241,150,0.0005,64,0.8,1.0,0.020512820512820513,0.04020100502512563
134,100,0.001,64,1.0,1.0,0.020512820512820513,0.04020100502512563
15,50,0.001,128,0.8,0.9523809523809523,0.020512820512820513,0.040160642570281124
243,150,0.0005,128,0.8,1.0,0.019487179487179488,0.03822937625754527
4,50,0.0005,128,1.0,1.0,0.019487179487179488,0.03822937625754527
5,50,0.0005,256,0.8,1.0,0.019487179487179488,0.03822937625754527
130,100,0.0005,512,1.0,0.95,0.019487179487179488,0.03819095477386935
124,100,0.0005,128,1.0,1.0,0.018461538461538463,0.03625377643504532
361,200,0.0005,64,0.8,1.0,0.01641025641025641,0.03229061553985873
254,150,0.001,64,1.0,1.0,0.01641025641025641,0.03229061553985873
8,50,0.0005,384,1.0,0.9411764705882353,0.01641025641025641,0.03225806451612903
128,100,0.0005,384,1.0,1.0,0.015384615384615385,0.030303030303030304
123,100,0.0005,128,0.8,1.0,0.015384615384615385,0.030303030303030304
9,50,0.0005,512,0.8,1.0,0.014358974358974359,0.028311425682507583
3,50,0.0005,128,0.8,0.9333333333333333,0.014358974358974359,0.028282828282828285
7,50,0.0005,384,0.8,1.0,0.011282051282051283,0.02231237322515213
121,100,0.0005,64,0.8,1.0,0.009230769230769232,0.018292682926829267
2,50,0.0005,64,1.0,1.0,0.006153846153846154,0.012232415902140673
122,100,0.0005,64,1.0,1.0,0.005128205128205128,0.01020408163265306
242,150,0.0005,64,1.0,1.0,0.0041025641025641026,0.008171603677221655
